name,prefecture,area,type,avg_temp,m1,m2,m3,m4,m5,m6,m7,m8,m9,m10,m11,m12,free_parking,tags,website,map
潮岬キャンプ場,,,フリー,,,,,,,,,,,,,,,,,"https://www.google.com/maps?q=33.4384275,135.7630963"
神明キャンプ場,,,,,,,,,,,,,,,,,,,,"https://www.google.com/maps?q=35.3471341,136.2777131"
東大沼キャンプ場,,,,,,,,,,,,,,,,,,,https://town.nanae.hokkaido.jp/,"https://www.google.com/maps?q=42.0120425,140.7158054"
きじびき高原キャンプ場,,,,,,,,,,,,,,,,,,,,"https://www.google.com/maps?q=41.9241493,140.6162831"
虎御前山キャンプ場,,,,,,,,,,,,,,,,,,,,"https://www.google.com/maps?q=35.4363033,136.2605376"
秡川キャンプ場,,,,,,,,,,,,,,,,,,,,"https://www.google.com/maps?q=39.1332191,140.0708921"
バンガロー村・古里とみやま,,,,,,,,,,,,,,,,,,,,"https://www.google.com/maps?q=35.1725738,137.7822969"
したらの里,,,,,,,,,,,,,,,,,,,,"https://www.google.com/maps?q=35.1712769,137.5493648"
茶臼山高原キャンプ場,,,,,,,,,,,,,,,,,,,,"https://www.google.com/maps?q=35.2230075,137.6588121"
Aキャンプ場,,,,,,,,,,,,,,,,,,,,"https://www.google.com/maps?q=34.9958684,137.626029"
Bキャンプ場,,,,,,,,,,,,,,,,,,,,"https://www.google.com/maps?q=34.9950269,137.6252"
我孫子市ふれあいキャンプ場,,,,,,,,,,,,,,,,,,,,"https://www.google.com/maps?q=35.858335,140.0567619"
池尻キャンプ場,,,,,,,,,,,,,,,,,,,,"https://www.google.com/maps?q=34.2803,135.0017109"
遊・・亭夏虫,,,,,,,,,,,,,,,,,,,,"https://www.google.com/maps?q=39.1380369,141.7809462"
平成の森,,,,,,,,,,,,,,,,,,,,"https://www.google.com/maps?q=38.7197717,141.5353529"
ふれあいランド,,岩手県盛岡市,,,,,,,,,,,,,,,,,https://fureailand.jp/,"https://www.google.com/maps?q=39.655938,141.1676963"
臼澤鹿子踊保存会館伝承館,,,,,,,,,,,,,,,,,,,,"https://www.google.com/maps?q=39.3623219,141.8750324"
あかね会（ケアプラザ大槌）,,,,,,,,,,,,,,,,,,,,"https://www.google.com/maps?q=39.3795029,141.8454398"
大槌町役場かみよ稲穂館,,,,,,,,,,,,,,,,,,,,"https://www.google.com/maps?q=39.3965454,141.8583911"
ホテルシーガリアマリン,,,,,,,,,,,,,,,,,,,,"https://www.google.com/maps?q=39.2536968,141.8894879"
小鎚託児所,,,,,,,,,,,,,,,,,,,,"https://www.google.com/maps?q=39.3794575,141.830521"
佐々木宅,,,,,,,,,,,,,,,,,,,,"https://www.google.com/maps?q=39.3173381,141.9438385"
寒河江市体育館合宿所,,,,,,,,,,,,,,,,,,,,"https://www.google.com/maps?q=38.389197,140.2754915"
楽園キャンプ場,,,,,,,,,,,,,,,,,,,,"https://www.google.com/maps?q=33.602035,130.5377311"
はまゆり学園,,,,,,,,,,,,,,,,,,,,"https://www.google.com/maps?q=39.6973109,141.9505702"
樫内地区集会施設,,,,,,,,,,,,,,,,,,,,"https://www.google.com/maps?q=39.711468,141.9706144"
県立宮古北高等学校,,,,,,,,,,,,,,,,,,,,"https://www.google.com/maps?q=39.7300413,141.9513028"
神田地区集会施設,,,,,,,,,,,,,,,,,,,,"https://www.google.com/maps?q=39.7339195,141.9427825"
旧自然休暇村,,,,,,,,,,,,,,,,,,,,"https://www.google.com/maps?q=39.0111402,141.67878"
スノーピーク陸前高田キャンプフィールド,,,,,,,,,,,,,,,,,,,,"https://www.google.com/maps?q=38.9882833,141.679631"
徳沢キャンプ場,,,,,,,,,,,,,,,,,,,,"https://www.google.com/maps?q=36.2652752,137.6900212"
横尾キャンプ場,,,,,,,,,,,,,,,,,,,,"https://www.google.com/maps?q=36.2930213,137.6984426"
涸沢野営場,,,,,,,,,,,,,,,,,,,,"https://www.google.com/maps?q=36.2944025,137.6626455"
Bokketsuru Camping Ground,,,,,,,,,,,,,,,,,,,,"https://www.google.com/maps?q=33.099444,131.261263"
名栗げんきプラザ,,,,,,,,,,,,,,,,,,,http://www.naguri-genki.com/,"https://www.google.com/maps?q=35.9357634,139.1535504"
campeggio,,,,,,,,,,,,,,,,,,,,"https://www.google.com/maps?q=34.935566,135.4098114"
兜山キャンプ場,,,,,,,,,,,,,,,,,,,,"https://www.google.com/maps?q=33.2963982,130.5923557"
甫喜ヶ峰森林公園キャンプ場,,,,,,,,,,,,,,,,,,,http://www.kochi-sanrin.jp/hoki/,"https://www.google.com/maps?q=33.6692473,133.6796945"
月見山こどもの森キャンプ場,,,,,,,,,,,,,,,,,,,http://www13.ocn.ne.jp/~tukimi-y/field/field.htm,"https://www.google.com/maps?q=33.5419872,133.7467654"
中岳キャンプ場,,,,,,,,,,,,,,,,,,,,"https://www.google.com/maps?q=32.835167,131.5865916"
豊川市野外センターきららの里,,,,,,,,,,,,,,,,,,,,"https://www.google.com/maps?q=35.1199453,137.4817985"
帰全山キャンプ場,,,,,,,,,,,,,,,,,,,https://www.town.motoyama.kochi.jp/life/dtl.php?hdnKey=16,"https://www.google.com/maps?q=33.7569336,133.5952691"
デイキャンプ,,,,,,,,,,,,,,,,,,,,"https://www.google.com/maps?q=35.1981324,137.6041051"
市房キャンプ場,,,,,,,,,,,,,,,,,,,,"https://www.google.com/maps?q=32.3183098,131.0705099"
出会いの広場,,,,,,,,,,,,,,,,,,,,"https://www.google.com/maps?q=36.5066743,137.8012469"
森のくらしの郷,,,,,,,,,,,,,,,,,,,http://morikura.com/,"https://www.google.com/maps?q=36.5079762,137.7984715"
永田いなか浜キャンプ場,,,,,,,,,,,,,,,,,,,,"https://www.google.com/maps?q=30.4076098,130.4348887"
野外活動広場,,,,,,,,,,,,,,,,,,,,"https://www.google.com/maps?q=35.8838539,139.3952763"
乳待坊公園いこいの広場キャンプ場,,,,,,,,,,,,,,,,,,,,"https://www.google.com/maps?q=33.219085,129.9067667"
大川内山キャンプ場,,,,,,,,,,,,,,,,,,,,"https://www.google.com/maps?q=33.2301127,129.8906893"
雪の浦キャンプ場,,,,,,,,,,,,,,,,,,,,"https://www.google.com/maps?q=32.9603224,129.7095358"
友愛の丘 キャンプ場,,,,,,,,,,,,,,,,,,,,"https://www.google.com/maps?q=34.8646799,133.9098143"
たけべの森キャンプ場,,,,,,,,,,,,,,,,,,,,"https://www.google.com/maps?q=34.8571353,133.8706969"
吉滝キャンプ場・コテージ村,,,,,,,,,,,,,,,,,,,,"https://www.google.com/maps?q=35.4421556,134.5211956"
奥但馬・南部高原キャンプ場・コテージ村,,,,,,,,,,,,,,,,,,,,"https://www.google.com/maps?q=35.3977288,134.5207289"
アオゲラの森キャンプ場,,,,,,,,,,,,,,,,,,,,"https://www.google.com/maps?q=35.5751276,139.0371842"
伊勢志摩エバーグレイズ,,,,,,,,,,,,,,,,,,,,"https://www.google.com/maps?q=34.3612761,136.8159947"
面河第一キャンプ場,,,,,,,,,,,,,,,,,,,,"https://www.google.com/maps?q=33.7262607,133.1032274"
小浜キャンプ場,,,,,,,,,,,,,,,,,,,,"https://www.google.com/maps?q=33.5395923,133.2360215"
利根別自然公園キャンプ場,,,,,,,,,,,,,,,,,,,,"https://www.google.com/maps?q=43.1826129,141.786802"
劔沢キャンプサイト,,,フリー,,,,,,,,,,,,,,,,,"https://www.google.com/maps?q=36.6035173,137.6165848"
カニ山キャンプ場,,,,,,,,,,,,,,,,,,,,"https://www.google.com/maps?q=35.6623965,139.5578354"
白銀荘前キャンプ場,,,,,,,,,,,,,,,,,,,,"https://www.google.com/maps?q=43.4313356,142.6424144"
ボーイスカウト日本連盟 山中野営場,,,,,,,,,,,,,,,,,,,,"https://www.google.com/maps?q=35.400819,138.874838"
椿園キャンプ場,,,,,,,,,,,,,,,,,,,,"https://www.google.com/maps?q=34.7455357,139.3626584"
上大島キャンプ場,,,フリー,,,,,,,,,,,,,,,温浴,,"https://www.google.com/maps?q=35.5749159,139.3108432"
大倉高原山の家キャンプ場,,,フリー,,,,,,,,,,,,,,,,,"https://www.google.com/maps?q=35.4163676,139.1616026"
滝沢園キャンプ場,,,,,,,,,,,,,,,,,,,,"https://www.google.com/maps?q=35.4073329,139.1681747"
おくとろ公園キャンプ場,,,,,,,,,,,,,,,,,,,,"https://www.google.com/maps?q=33.9377991,135.9507503"
大泊海水浴場キャンプ場,,,,,,,,,,,,,,,,,,,,"https://www.google.com/maps?q=33.8991637,136.1175527"
cazu,,,,,,,,,,,,,,,,,,,https://www.cazu.jp/,"https://www.google.com/maps?q=35.8502358,139.2021533"
ケーニーズ・ファミリー・ビレッジ,,,,,,,,,,,,,,,,,,,https://www.kfv.co.jp/,"https://www.google.com/maps?q=35.8798639,139.1831861"
小梨平キャンプ場,,,フリー,,,,,,,,,,,,,,,,,"https://www.google.com/maps?q=36.2505817,137.6403807"
山田大橋キャンプ場,,,,,,,,,,,,,,,,,,,https://www.akiruno.ne.jp/vsm/logvillage/,"https://www.google.com/maps?q=35.7223821,139.2555438"
子供の森,,,,,,,,,,,,,,,,,,,,"https://www.google.com/maps?q=37.4803157,139.9478377"
女木島キャンプ場,,,フリー,,,,,,,,,,,,,,,温浴,,"https://www.google.com/maps?q=34.3916518,134.0538251"
氷川キャンプ場,,,,,,,,,,,,,,,,,,,http://www.okutamas.co.jp/hikawa/,"https://www.google.com/maps?q=35.8069144,139.0995634"
中茶屋キャンプ場,,,,,,,,,,,,,,,,,,,http://www7a.biglobe.ne.jp/~nakachaya/,"https://www.google.com/maps?q=35.845646,139.1530378"
百軒茶屋キャンプ場,,,,,,,,,,,,,,,,,,,https://www.hyakkenjaya.com/,"https://www.google.com/maps?q=35.8467632,139.1540816"
アメリカキャンプ村,,,,,,,,,,,,,,,,,,,http://www.アメリカキャンプ村.com/,"https://www.google.com/maps?q=35.8005281,139.1197828"
航空公園キャンプ場,,,,,,,,,,,,,,,,,,,,"https://www.google.com/maps?q=43.2384853,143.2747488"
湖山荘キャンプ場,,,,,,,,,,,,,,,,,,,,"https://www.google.com/maps?q=35.412796,138.89252"
そらぷちキャンプ場,,,,,,,,,,,,,,,,,,,,"https://www.google.com/maps?q=43.6316082,142.00027"
モラップキャンプ場,,,,,,,,,,,,,,,,,,,,"https://www.google.com/maps?q=42.7444129,141.408672"
神楽岡公園少年キャンプ村,,,,,,,,,,,,,,,,,,,,"https://www.google.com/maps?q=43.7492405,142.3686626"
Kamitoku Campground,,,,,,,,,,,,,,,,,,,,"https://www.google.com/maps?q=44.7085574,142.596848"
川下海浜公園キャンプ場,,,,,,,,,,,,,,,,,,,,"https://www.google.com/maps?q=43.5834438,141.3862715"
ふれあいの森キャンプ場,,,,,,,,,,,,,,,,,,,https://www.esashi.jp/tourism/page.html?id=83,"https://www.google.com/maps?q=44.7802343,142.507052"
鏡沼海浜公園キャンプ場,,,,,,,,,,,,,,,,,,,,"https://www.google.com/maps?q=44.8759221,141.7415935"
ミトレアキャンプ場,,,,,,,,,,,,,,,,,,,,"https://www.google.com/maps?q=24.4050201,123.8073834"
sotosotodays CAMPGROUNDS 山中湖みさき,,,オート/フリー併設,,,,,,,,,,,,,,,,https://camp.sotosotodays.com/yamanakako-misaki/,"https://www.google.com/maps?q=35.4236184,138.895116"
みどり工房しゃり そよかぜキャンプ場,,,,,,,,,,,,,,,,,,,,"https://www.google.com/maps?q=43.8939043,144.6909328"
ファガスの森 キャンプ場,,,,,,,,,,,,,,,,,,,,"https://www.google.com/maps?q=33.9048921,134.234578"
山中湖村営キャンプ場,,,,,,,,,,,,,,,,,,,,"https://www.google.com/maps?q=35.4043278,138.8690145"
岩尾内湖 白樺キャンプ場,,,,,,,,,,,,,,,,,,,,"https://www.google.com/maps?q=44.0963342,142.7267535"
御座松キャンプ場,,,,,,,,,,,,,,,,,,,,"https://www.google.com/maps?q=35.6741074,137.8920626"
キャンプファーム いなかの風,,,,,,,,,,,,,,,,,,,,"https://www.google.com/maps?q=35.6805678,137.951336"
えびの高原キャンプ村,,,,,,,,,,,,,,,,,,,https://ebino-village.com/,"https://www.google.com/maps?q=31.9438075,130.8390427"
長瀞オートキャンプ場,,,,,,,,,,,,,,,,,,,,"https://www.google.com/maps?q=36.1048648,139.1139403"
大池キャンプ場,,,,,,,,,,,,,,,,,,,,"https://www.google.com/maps?q=36.4852845,138.0878497"
松原キャンプ場,,,,,,,,,,,,,,,,,,,,"https://www.google.com/maps?q=37.6587283,140.0643853"
曽原湖キャンプ場,,,,,,,,,,,,,,,,,,,,"https://www.google.com/maps?q=37.6811411,140.0719221"
西興部森林公園キャンプ場,,,,,,,,,,,,,,,,,,,,"https://www.google.com/maps?q=44.3281454,142.9466547"
豊浦海浜公園,,,,,,,,,,,,,,,,,,,,"https://www.google.com/maps?q=42.5851847,140.7028511"
Takaoka Auto Camp Site,,,,,,,,,,,,,,,,,,,,"https://www.google.com/maps?q=42.5870241,140.6954513"
鹿川キャンプ場,,,,,,,,,,,,,,,,,,,,"https://www.google.com/maps?q=32.7059507,131.5014232"
中標津町緑ヶ丘森林公園 林間キャンプ場,,,,,,,,,,,,,,,,,,,,"https://www.google.com/maps?q=43.5636494,144.9563621"
白州観光キャンプ場尾白,,,,,,,,,,,,,,,,,,,,"https://www.google.com/maps?q=35.7946758,138.2962451"
アルトリ岬キャンプ場,,,,,,,,,,,,,,,,,,,,"https://www.google.com/maps?q=42.5002126,140.7809635"
かなやま湖キャンプ場,,,フリー,,,,,,,,,,,,,,,,,"https://www.google.com/maps?q=43.159501,142.49126"
キャンプ場,,,,,,,,,,,,,,,,,,,,"https://www.google.com/maps?q=42.762907,140.4771"
生出キャンプ場,,,,,,,,,,,,,,,,,,,,"https://www.google.com/maps?q=40.412575,140.86687"
青少年旅行,,,,,,,,,,,,,,,,,,,,"https://www.google.com/maps?q=30.2717479,130.4160711"
せせらぎパーク鹿野オート,,,,,,,,,,,,,,,,,,,,"https://www.google.com/maps?q=34.2395004,131.8188567"
井戸江峡キャンプ場,,,,,,,,,,,,,,,,,,,,"https://www.google.com/maps?q=32.6504262,130.8426859"
大津市立葛川森林キャンプ村,,,,,,,,,,,,,,,,,,,,"https://www.google.com/maps?q=35.2500882,135.8672876"
しらかば公園キャンプ場,,,,,,,,,,,,,,,,,,,,"https://www.google.com/maps?q=37.0539601,139.523776"
小滝沢キャンプ場,,,,,,,,,,,,,,,,,,,,"https://www.google.com/maps?q=36.7348455,140.6156517"
城里町総合野外活動センターふれあいの里管理事務所,,,,,,,,,,,,,,,,,,,,"https://www.google.com/maps?q=36.4389186,140.3553313"
太田山野営場,,,,,,,,,,,,,,,,,,,,"https://www.google.com/maps?q=34.83165,137.630104"
円山公園,,,,,,,,,,,,,,,,,,,,"https://www.google.com/maps?q=31.3622718,131.0126415"
さたでいランド,,,,,,,,,,,,,,,,,,,,"https://www.google.com/maps?q=31.1125668,130.7222199"
神川キャンプ場,,鹿児島県肝属郡錦江町,,,,,,,,,,,,,,,,,http://www.town.kinko.lg.jp/kinko03/kinko04.asp,"https://www.google.com/maps?q=31.272469,130.7921693"
賽の河原公園キャンプ場,,,,,,,,,,,,,,,,,,,,"https://www.google.com/maps?q=42.2502386,139.5584198"
いこいの森,,,,,,,,,,,,,,,,,,,,"https://www.google.com/maps?q=38.6477777,140.839366"
摂津峡青少年キャンプ場,,高槻市,,,,,,,,,,,,,,,,,https://www.city.takatsuki.osaka.jp/soshiki/60/4910.html,"https://www.google.com/maps?q=34.8766514,135.584265"
うさぎの森オートキャンプ場,,,,,,,,,,,,,,,,,,,,"https://www.google.com/maps?q=37.1478083,139.717674"
一の瀬キャンプ場 (ichinose camp area),,,,,,,,,,,,,,,,,,,,"https://www.google.com/maps?q=36.1035481,137.616807"
阿寺渓谷キャンプ場,,,,,,,,,,,,,,,,,,,,"https://www.google.com/maps?q=35.6653431,137.6291683"
こだまの森,,,,,,,,,,,,,,,,,,,,"https://www.google.com/maps?q=35.9686363,137.7457886"
キャンピングフィールド木曽古道,,,,,,,,,,,,,,,,,,,,"https://www.google.com/maps?q=35.8362881,137.742323"
ふるさとの森 森林公園 キャンプ場,,,,,,,,,,,,,,,,,,,,"https://www.google.com/maps?q=45.0214273,141.8456545"
秋山浜キャンプ場,,,,,,,,,,,,,,,,,,,,"https://www.google.com/maps?q=37.4197254,140.0789914"
丸火自然公園東 西グリーンキャンプ場,,,,,,,,,,,,,,,,,,,,"https://www.google.com/maps?q=35.2337708,138.7251809"
美笛キャンプ場,,,,,,,,,,,,,,,,,,,https://www.shikotuko.jp/,"https://www.google.com/maps?q=42.7315098,141.2639554"
境渓谷キャンプ場,,,,,,,,,,,,,,,,,,,https://sakaikeikoku-c.jimdo.com/,"https://www.google.com/maps?q=35.8003505,139.0814456"
西蔵王公園キャンプ場,,,,,,,,,,,,,,,,,,,,"https://www.google.com/maps?q=38.2017945,140.3494463"
古竜湖キャンプ場,,,,,,,,,,,,,,,,,,,,"https://www.google.com/maps?q=38.1866497,140.3464446"
豊岡市大師山自然公園キャンプ場,,,,,,,,,,,,,,,,,,,,"https://www.google.com/maps?q=35.4930306,134.8240625"
神鍋高原キャンプ場,,,,,,,,,,,,,,,,,,,,"https://www.google.com/maps?q=35.4989335,134.6786311"
久保井野キャンプ場,,,,,,,,,,,,,,,,,,,,"https://www.google.com/maps?q=34.9448169,133.4729599"
庄原市ほたる見公園キャンプ場,,,,,,,,,,,,,,,,,,,,"https://www.google.com/maps?q=34.9192597,132.8788816"
イオックスアローザ オートキャンプ場,,,,,,,,,,,,,,,,,,,,"https://www.google.com/maps?q=36.5164334,136.8034807"
瀬波川キャンプ場,,白山市,,,,,,,,,,,,,,,,,,"https://www.google.com/maps?q=36.309548,136.676576"
新平ヶ原,,,,,,,,,,,,,,,,,,,,"https://www.google.com/maps?q=34.1897104,131.7710778"
デイキャンプコーナー,,,,,,,,,,,,,,,,,,,,"https://www.google.com/maps?q=35.6056578,139.643104"
川井キャンプ場,,,,,,,,,,,,,,,,,,,http://www.okutamas.co.jp/kawai/,"https://www.google.com/maps?q=35.8115683,139.1649173"
水根沢キャンプ場,,,,,,,,,,,,,,,,,,,,"https://www.google.com/maps?q=35.796109,139.0427575"
清東園キャンプ場,,,,,,,,,,,,,,,,,,,,"https://www.google.com/maps?q=35.8436285,139.1537614"
鳩ノ巣バンガロー,,,,,,,,,,,,,,,,,,,http://www.hatonosu.com/,"https://www.google.com/maps?q=35.8147579,139.1300498"
黒部市宇奈月明日キャンプ場,,,,,,,,,,,,,,,,,,,,"https://www.google.com/maps?q=36.8720666,137.5657857"
笠戸島家族旅行村,,,,,,,,,,,,,,,,,,,,"https://www.google.com/maps?q=33.9693505,131.8533476"
白浜,,,,,,,,,,,,,,,,,,,,"https://www.google.com/maps?q=33.9528296,131.856399"
ほろかない湖公園キャンプ場,,,,,,,,,,,,,,,,,,,,"https://www.google.com/maps?q=44.0105035,142.1918679"
鶉ダムオートキャンプ場・ハチャムの森,,厚沢部町,,,,,,,,,,,,,,,,,,"https://www.google.com/maps?q=41.9488185,140.3871154"
青年小屋テントサイト,,,,,,,,,,,,,,,,,,,,"https://www.google.com/maps?q=35.9449866,138.3485475"
レイクサイドパーク・のとろ キャンプ場,,,フリー,,,,,,,,,,,,,,,,https://www.city.abashiri.hokkaido.jp/040shisetsu/050sports/410lakesidepark_notoro/040camp.html,"https://www.google.com/maps?q=44.0450088,144.186753"
浜小清水前浜キャンプ場,,,,,,,,,,,,,,,,,,,,"https://www.google.com/maps?q=43.934887,144.4509674"
日の出岬キャンプ場,,,,,,,,,,,,,,,,,,,,"https://www.google.com/maps?q=44.5287988,143.0607451"
小平町望洋台キャンプ場,,,,,,,,,,,,,,,,,,,,"https://www.google.com/maps?q=44.0322567,141.666466"
知内町ファミリースポーツ広場キャンプ場,,,,,,,,,,,,,,,,,,,,"https://www.google.com/maps?q=41.5987742,140.4136998"
日進湖畔キャンプ場,,,,,,,,,,,,,,,,,,,,"https://www.google.com/maps?q=44.2442908,142.5036687"
十勝ダムキャンプ場,,,,,,,,,,,,,,,,,,,,"https://www.google.com/maps?q=43.2382862,142.9390051"
２１世紀の森 ふれあい広場,,,,,,,,,,,,,,,,,,,,"https://www.google.com/maps?q=43.7174691,142.6685254"
２１世紀の森 ファミリーゾーン,,,,,,,,,,,,,,,,,,,,"https://www.google.com/maps?q=43.7159165,142.6792958"
ほたるの里オートキャンプ場,,,,,,,,,,,,,,,,,,,,"https://www.google.com/maps?q=43.8859234,141.9254549"
丸瀬布いこいの森オートキャンプ場,,,,,,,,,,,,,,,,,,,,"https://www.google.com/maps?q=43.9318566,143.3373544"
菖蒲ヶ浜キャンプ場,,,,,,,,,,,,,,,,,,,,"https://www.google.com/maps?q=36.7515948,139.4509786"
小島公園キャンプ場,,,,,,,,,,,,,,,,,,,,"https://www.google.com/maps?q=32.439605,130.4174189"
紫尾 神の湯キャンプ場,,,,,,,,,,,,,,,,,,,,"https://www.google.com/maps?q=31.9756803,130.4308201"
山のふるさと村,,,,,,,,,,,,,,,,,,,,"https://www.google.com/maps?q=35.7677639,139.0225429"
賀老高原キャンプ場,,,,,,,,,,,,,,,,,,,,"https://www.google.com/maps?q=42.6060289,139.9998063"
Sameura Campsite,,,,,,,,,,,,,,,,,,,,"https://www.google.com/maps?q=33.749205,133.5436521"
Camping area,,,,,,,,,,,,,,,,,,,,"https://www.google.com/maps?q=33.606692,133.1684476"
コムケ国際キャンプ場,,,,,,,,,,,,,,,,,,,,"https://www.google.com/maps?q=44.2555513,143.5201814"
DASH島船屋,,,,,,,,,,,,,,,,,,,,"https://www.google.com/maps?q=33.8526053,132.5216064"
水晶浜,,,,,,,,,,,,,,,,,,,,"https://www.google.com/maps?q=35.6861792,135.9775697"
つつじ公園キャンプ場,,,,,,,,,,,,,,,,,,,,"https://www.google.com/maps?q=43.7608067,143.5202984"
Shobudani Camping Ground,,,,,,,,,,,,,,,,,,,,"https://www.google.com/maps?q=33.9079049,130.7808218"
秋吉台オートキャンプ場,,,,,,,,,,,,,,,,,,,,"https://www.google.com/maps?q=34.2889329,131.325936"
湖畔キャンプ場,,,,,,,,,,,,,,,,,,,,"https://www.google.com/maps?q=43.5770437,144.3068099"
見近島キャンプ場,,,,,,,,,,,,,,,,,,,,"https://www.google.com/maps?q=34.1958295,133.0748433"
一の宮,,,,,,,,,,,,,,,,,,,,"https://www.google.com/maps?q=34.0855228,133.638669"
日向サンパーク オートキャンプ場,,,,,,,,,,,,,,,,,,,,"https://www.google.com/maps?q=32.3475831,131.6251936"
石並川キャンプ場,,,,,,,,,,,,,,,,,,,,"https://www.google.com/maps?q=32.3299355,131.5908499"
ニセコ野営場,,,,,,,,,,,,,,,,,,,,"https://www.google.com/maps?q=42.8731433,140.6393543"
湯本温泉野営場,,,,,,,,,,,,,,,,,,,,"https://www.google.com/maps?q=42.8688336,140.6008024"
小平のキャンプ場,,,,,,,,,,,,,,,,,,,,"https://www.google.com/maps?q=36.4644637,139.3093089"
安平町ときわキャンプ場,,,,,,,,,,,,,,,,,,,,"https://www.google.com/maps?q=42.7621705,141.8296976"
キムアネップ岬キャンプ場,,,フリー,,,,,,,,,,,,,,,,https://www.town.saroma.hokkaido.jp/kakuka/keizaika/kimuaneppu.html,"https://www.google.com/maps?q=44.1073775,143.9068871"
雷鳥沢キャンプ場,,,,,,,,,,,,,,,,,,,,"https://www.google.com/maps?q=36.5871118,137.6011915"
健康村,,,,,,,,,,,,,,,,,,,,"https://www.google.com/maps?q=34.4064476,132.0314696"
寂地峡,,,,,,,,,,,,,,,,,,,,"https://www.google.com/maps?q=34.4294697,132.0550814"
日高沙流川オートキャンプ場,,,,,,,,,,,,,,,,,,,,"https://www.google.com/maps?q=42.8698672,142.4414012"
鶴沼公園キャンプ場,,,,,,,,,,,,,,,,,,,,"https://www.google.com/maps?q=43.4478206,141.8367914"
Kannogawa camping ground,,,,,,,,,,,,,,,,,,,,"https://www.google.com/maps?q=35.5289024,139.1081383"
耳浦キャンプ場,,,,,,,,,,,,,,,,,,,,"https://www.google.com/maps?q=36.1272505,133.045358"
大沼野営場,,,,,,,,,,,,,,,,,,,,"https://www.google.com/maps?q=42.6377497,141.8970481"
虹ヶ浜キャンプ場,,,,,,,,,,,,,,,,,,,,"https://www.google.com/maps?q=33.9709456,131.9161626"
Daiwanachi field,,,,,,,,,,,,,,,,,,,,"https://www.google.com/maps?q=36.5700081,136.6386634"
yoshikawa campsite,,,,,,,,,,,,,,,,,,,,"https://www.google.com/maps?q=34.8920418,137.9781689"
camping ground,,,,,,,,,,,,,,,,,,,,"https://www.google.com/maps?q=34.9608209,137.9000933"
名草キャンプ場,,,,,,,,,,,,,,,,,,,,"https://www.google.com/maps?q=36.4305712,139.4518029"
無人島キャンプ場 ありが島,,,,,,,,,,,,,,,,,,,,"https://www.google.com/maps?q=33.9177029,132.464842"
北金井キャンプ場,,,,,,,,,,,,,,,,,,,,"https://www.google.com/maps?q=36.3531941,139.3510314"
梅ヶ島キャンプ場,,,,,,,,,,,,,,,,,,,,"https://www.google.com/maps?q=35.2578665,138.3248702"
茅ヶ崎市柳島 キャンプ場,,,,,,,,,,,,,,,,,,,,"https://www.google.com/maps?q=35.3161626,139.3776869"
石城山キャンプ場,,,,,,,,,,,,,,,,,,,,"https://www.google.com/maps?q=33.9878585,132.0390204"
室積キャンプ場,,,,,,,,,,,,,,,,,,,,"https://www.google.com/maps?q=33.942928,131.9648383"
第2キャンプ場,,,,,,,,,,,,,,,,,,,,"https://www.google.com/maps?q=35.0374375,139.8131081"
奥多摩福音の家,,,,,,,,,,,,,,,,,,,http://www1.odn.ne.jp/ofi/,"https://www.google.com/maps?q=35.814437,139.1469545"
胎内平キャンプ場,,,,,,,,,,,,,,,,,,,,"https://www.google.com/maps?q=38.0200124,139.5027199"
八島キャンプ場,,,,,,,,,,,,,,,,,,,,"https://www.google.com/maps?q=33.7524567,132.145001"
新生キャンプ場,,,,,,,,,,,,,,,,,,,,"https://www.google.com/maps?q=35.173906,136.06279"
関沢,,,,,,,,,,,,,,,,,,,,"https://www.google.com/maps?q=38.0294419,139.4129442"
タキタロウ公園オートキャンプ場,,,,,,,,,,,,,,,,,,,,"https://www.google.com/maps?q=38.4772891,139.7611568"
白い森オートキャンプ場,,,,,,,,,,,,,,,,,,,,"https://www.google.com/maps?q=38.1618527,139.7862395"
印旛沼サンセットヒルズ,,,,,,,,,,,,,,,,,,,http://sunsethills.shiteikanri-sakura.jp/,"https://www.google.com/maps?q=35.7479577,140.2023952"
町立キャンプ場,,,,,,,,,,,,,,,,,,,,"https://www.google.com/maps?q=34.9143907,135.6463555"
大池公園,,,,,,,,,,,,,,,,,,,,"https://www.google.com/maps?q=35.5076076,138.7635616"
weランド,,,,,,,,,,,,,,,,,,,https://notoweland.jp/,"https://www.google.com/maps?q=37.1502592,136.9733963"
あさひプライム,,,,,,,,,,,,,,,,,,,,"https://www.google.com/maps?q=36.1135172,137.8337689"
北今西キャンプ場,,,,,,,,,,,,,,,,,,,,"https://www.google.com/maps?q=34.1159295,135.6177611"
宮の向いキャンプ場,,,,,,,,,,,,,,,,,,,,"https://www.google.com/maps?q=34.1170399,135.6146171"
ババ平キャンプ場,,,,,,,,,,,,,,,,,,,,"https://www.google.com/maps?q=36.323436,137.6757225"
ならここの里キャンプ場,,,,,,,,,,,,,,,,,,,,"https://www.google.com/maps?q=34.875908,138.0172084"
明ヶ島キャンプ場,,,,,,,,,,,,,,,,,,,,"https://www.google.com/maps?q=34.9010249,138.0123343"
三石海浜公園 オートキャンプ場,,,フリー,,,,,,,,,,,,,,,電源,http://www.shinhidaka-hokkaido.jp/hotnews/detail/00000025.html#a2_2,"https://www.google.com/maps?q=42.2222782,142.6297453"
静波海水浴場,,,,,,,,,,,,,,,,,,,,"https://www.google.com/maps?q=34.731104,138.232461"
RECAMP砂湯,,,,,,,,,,,,,,,,,,,,"https://www.google.com/maps?q=43.6233148,144.3592932"
しのつ湖公園キャンプ場,,,,,,,,,,,,,,,,,,,,"https://www.google.com/maps?q=43.2136055,141.642837"
白石公園 はこだて オートキャンプ場,,,,,,,,,,,,,,,,,,,https://shiroishi-park.hakodate.jp/,"https://www.google.com/maps?q=41.756957,140.9008481"
河畔綠地,,,,,,,,,,,,,,,,,,,,"https://www.google.com/maps?q=37.1343728,140.2083924"
百人浜オートキャンプ場,,,,,,,,,,,,,,,,,,,,"https://www.google.com/maps?q=41.9940866,143.2437304"
Yamashirocho Shinrinkoen - Rest Village Yamashiro,,,,,,,,,,,,,,,,,,,,"https://www.google.com/maps?q=34.7832215,135.8483911"
末山くつわ池自然公園,,Tsuzuki-gun,,,,,,,,,,,,,,,,,https://town.ujitawara.kyoto.jp/,"https://www.google.com/maps?q=34.8563983,135.837026"
Ide-cho Outdoor Activity Center Taishoike Green Park,,Tsuzuki District,,,,,,,,,,,,,,,,,http://greenprk.p1.bindsite.jp,"https://www.google.com/maps?q=34.8119728,135.8554921"
Yamahachi Campground,,Kizugawa,,,,,,,,,,,,,,,,,,"https://www.google.com/maps?q=34.7633435,135.8963914"
笠置キャンプ場,,Sōraku-gun,,,,,,,,,,,,,,,,,https://kasagi.kyoto-fsci.or.jp/,"https://www.google.com/maps?q=34.7590176,135.9357301"
猿田川野営場,,,,,,,,,,,,,,,,,,,,"https://www.google.com/maps?q=38.3019375,139.7282938"
くるみ台野営場,,,,,,,,,,,,,,,,,,,,"https://www.google.com/maps?q=40.4074095,140.2918992"
素波里園地キャンプ場,,,,,,,,,,,,,,,,,,,,"https://www.google.com/maps?q=40.3399573,140.2457069"
井吹の森,,,,,,,,,,,,,,,,,,,,"https://www.google.com/maps?q=34.7027407,135.0437266"
旭高原元気村,,,,,,,,,,,,,,,,,,,https://www.asahikougen.co.jp/,"https://www.google.com/maps?q=35.2179076,137.406844"
国見ヶ丘,,,,,,,,,,,,,,,,,,,,"https://www.google.com/maps?q=32.7191167,131.2811037"
ヤドリ浜キャンプ場,,,,,,,,,,,,,,,,,,,,"https://www.google.com/maps?q=28.1254853,129.3625683"
輝北天球館,,,,,,,,,,,,,,,,,,,,"https://www.google.com/maps?q=31.5930597,130.8242465"
菊池渓谷,,,,,,,,,,,,,,,,,,,,"https://www.google.com/maps?q=33.0008595,130.9512773"
美濃白川クオーレの里,,,,,,,,,,,,,,,,,,,,"https://www.google.com/maps?q=35.5956633,137.2189291"
菩提キャンプ場,,,,,,,,,,,,,,,,,,,,"https://www.google.com/maps?q=34.5808924,135.6932786"
奄美フォレストポリスキャンプ場,,,,,,,,,,,,,,,,,,,,"https://www.google.com/maps?q=28.3160217,129.3451783"
八東ふる里の森 バンガロー,,,,,,,,,,,,,,,,,,,,"https://www.google.com/maps?q=35.4171632,134.4338211"
エコキャンプみちのく,,,,,,,,,,,,,,,,,,,,"https://www.google.com/maps?q=38.2006364,140.6716407"
菊川自然活用村,,,,,,,,,,,,,,,,,,,,"https://www.google.com/maps?q=34.1579947,131.0233141"
むろらん高原だんパラキャンプ場,,,,,,,,,,,,,,,,,,,,"https://www.google.com/maps?q=42.4131901,141.0016849"
白崎海洋公園 オートキャンプ場,,,,,,,,,,,,,,,,,,,,"https://www.google.com/maps?q=33.9761959,135.0712435"
十二坊温泉オートキャンプ場,,,,,,,,,,,,,,,,,,,https://www.12-yurara.jp/?page_id=128,"https://www.google.com/maps?q=35.0122899,136.109262"
豊田湖畔キャンプ場,,,,,,,,,,,,,,,,,,,,"https://www.google.com/maps?q=34.2406765,131.1219806"
庄内夕日の丘ｵｰﾄｷｬﾝﾌﾟ場,,,,,,,,,,,,,,,,,,,,"https://www.google.com/maps?q=38.8166002,139.7965404"
南の池記念公園キャンプ場,,,,,,,,,,,,,,,,,,,,"https://www.google.com/maps?q=40.0031894,139.9518735"
ホテルきららか野営場,,,,,,,,,,,,,,,,,,,,"https://www.google.com/maps?q=39.9098026,139.7221386"
大石オートキャンプ村,,,,,,,,,,,,,,,,,,,,"https://www.google.com/maps?q=38.0355634,139.5736644"
三宇田キャンプ場,,,,,,,,,,,,,,,,,,,,"https://www.google.com/maps?q=34.6694512,129.4852703"
あそうべい,,,,,,,,,,,,,,,,,,,,"https://www.google.com/maps?q=34.3057036,129.3456409"
肥中海水浴オートキャンプ場,,,,,,,,,,,,,,,,,,,,"https://www.google.com/maps?q=34.3311386,130.8958383"
角島大浜海水浴場,,,,,,,,,,,,,,,,,,,,"https://www.google.com/maps?q=34.3538602,130.8495837"
栗駒高原オートキャンプ場,,,,,,,,,,,,,,,,,,,,"https://www.google.com/maps?q=38.9383913,140.8208094"
要害キャンプ場,,,,,,,,,,,,,,,,,,,,"https://www.google.com/maps?q=38.7901471,140.8543507"
花山青少年旅行村,,,,,,,,,,,,,,,,,,,,"https://www.google.com/maps?q=38.7912203,140.8557077"
桑谷キャンプ場,,,,,,,,,,,,,,,,,,,https://www.city.okazaki.lg.jp/1100/1109/1163/p003176.html?path=C1100/C1109/C1163/P3176,"https://www.google.com/maps?q=34.8783525,137.2208461"
ふれあいパーク大原湖,,,,,,,,,,,,,,,,,,,,"https://www.google.com/maps?q=34.298017,131.683482"
Free camp ground,,,,,,,,,,,,,,,,,,,,"https://www.google.com/maps?q=33.6964893,134.2546415"
Camp ground Tsumajiro,,,,,,,,,,,,,,,,,,,,"https://www.google.com/maps?q=32.7882813,132.8593995"
Free camp,,,,,,,,,,,,,,,,,,,,"https://www.google.com/maps?q=33.5138188,133.8354236"
聖湖,,,,,,,,,,,,,,,,,,,,"https://www.google.com/maps?q=34.6796781,132.1718134"
矢岳高原ベルトンオートキャンプ場,,,,,,,,,,,,,,,,,,,,"https://www.google.com/maps?q=32.085769,130.7749812"
青鹿自然公園,,,,,,,,,,,,,,,,,,,,"https://www.google.com/maps?q=32.226945,131.4858151"
青井岳キャンプ場,,,,,,,,,,,,,,,,,,,,"https://www.google.com/maps?q=31.8358917,131.228746"
尾花が森キャンプ場,,,,,,,,,,,,,,,,,,,,"https://www.google.com/maps?q=38.9234205,141.0767657"
マオイオートランド,,長沼町,,,,,,,,,,,,,,,,,,"https://www.google.com/maps?q=42.9998864,141.7246247"
高見公園キャンプ場,,東吉野村,,,,,,,,,,,,,,,,,https://takami-camp.com/,"https://www.google.com/maps?q=34.4223312,136.0185179"
Makuraseyama,,,,,,,,,,,,,,,,,,,,"https://www.google.com/maps?q=34.5378629,131.8361088"
見附島シーサイドキャンプ場,,,,,,,,,,,,,,,,,,,,"https://www.google.com/maps?q=37.3954319,137.2411311"
鉢ヶ崎オートキャンプ場,,,,,,,,,,,,,,,,,,,,"https://www.google.com/maps?q=37.4439938,137.3283801"
松島オートキャンプ場,,,,,,,,,,,,,,,,,,,,"https://www.google.com/maps?q=37.1281402,137.0498184"
グリーンビュー丸山オートキャンプ場,,,,,,,,,,,,,,,,,,,,"https://www.google.com/maps?q=35.9950311,139.142262"
BOSCOオートキャンプベース,,,,,,,,,,,,,,,,,,,,"https://www.google.com/maps?q=35.4417497,139.2118332"
キャンピングヒルズ鴨川,,,,,,,,,,,,,,,,,,,,"https://www.google.com/maps?q=35.0953469,140.0785167"
朝霧オートキャンプ場,,,,,,,,,,,,,,,,,,,,"https://www.google.com/maps?q=35.385681,138.5799251"
南伊豆夕日が丘キャンプ場,,,,,,,,,,,,,,,,,,,,"https://www.google.com/maps?q=34.6973702,138.7662664"
ニューブリッチキャンプ場,,,,,,,,,,,,,,,,,,,,"https://www.google.com/maps?q=35.5100967,138.7618444"
本栖湖スポーツセンター キャンプサイト,,,,,,,,,,,,,,,,,,,,"https://www.google.com/maps?q=35.453378,138.5968098"
南伊豆夕日が丘キャップ場,,,,,,,,,,,,,,,,,,,,"https://www.google.com/maps?q=34.6975638,138.7662944"
美濃田の淵キャンプサイト,,,,,,,,,,,,,,,,,,,,"https://www.google.com/maps?q=34.0358048,133.8978655"
岳谷親水公園キャンプ場,,,,,,,,,,,,,,,,,,,,"https://www.google.com/maps?q=37.860133,139.8167081"
Xưởng thịt,,,,,,,,,,,,,,,,,,,,"https://www.google.com/maps?q=35.9939306,139.7582855"
潮の杜キャンプ場,,,,,,,,,,,,,,,,,,,,"https://www.google.com/maps?q=31.7031508,131.4585338"
かわせみ河原,,,,,,,,,,,,,,,,,,,,"https://www.google.com/maps?q=36.1170439,139.2174635"
赤城わらべの里,,,,,,,,,,,,,,,,,,,,"https://www.google.com/maps?q=36.4823795,139.2079216"
天神峡キャンプ場,,,,,,,,,,,,,,,,,,,,"https://www.google.com/maps?q=34.6481855,133.4254454"
なきじんキャンプ場,,,,,,,,,,,,,,,,,,,,"https://www.google.com/maps?q=26.6582375,127.9905174"
NEW奥長良キャンプ場&WANKO,,,,,,,,,,,,,,,,,,,,"https://www.google.com/maps?q=35.9661628,136.9224388"
NAO明野高原キャンプ場,,,,,,,,,,,,,,,,,,,,"https://www.google.com/maps?q=35.9296761,136.9001505"
六ツ矢崎浜オートキャンプ場,,,,,,,,,,,,,,,,,,,,"https://www.google.com/maps?q=35.3578458,136.065431"
オートキャンプ場,,,,,,,,,,,,,,,,,,,,"https://www.google.com/maps?q=34.99296,137.6253247"
瀬戸田サンセットビーチ,,,,,,,,,,,,,,,,,,,,"https://www.google.com/maps?q=34.280066,133.0731067"
テントサイト,,,,,,,,,,,,,,,,,,,,"https://www.google.com/maps?q=34.6595392,137.3909184"
キャンプサイト,,,,,,,,,,,,,,,,,,,,"https://www.google.com/maps?q=34.662908,137.3915219"
百閒洞露営地,,,,,,,,,,,,,,,,,,,,"https://www.google.com/maps?q=35.453447,138.1273757"
農鳥キャンプ場,,,,,,,,,,,,,,,,,,,,"https://www.google.com/maps?q=35.631791,138.2298707"
吉浦野営場,,,,,,,,,,,,,,,,,,,,"https://www.google.com/maps?q=36.3164867,133.230437"
マイアミ浜オートキャンプ場,,,,,,,,,,,,,,,,,,,http://www.maiami.info,"https://www.google.com/maps?q=35.1426596,135.9899673"
鴨池海岸公園,,,,,,,,,,,,,,,,,,,,"https://www.google.com/maps?q=34.0824371,132.9233038"
勝山運動公園キャンプ場,,,,,,,,,,,,,,,,,,,,"https://www.google.com/maps?q=35.0830972,133.6703648"
野村ダムロッジ,,,,,,,,,,,,,,,,,,,,"https://www.google.com/maps?q=33.3561777,132.6191868"
四万十川キャンプ場,,,,,,,,,,,,,,,,,,,,"https://www.google.com/maps?q=32.9929424,132.9224657"
阿寒湖畔キャンプ場,,,,,,,,,,,,,,,,,,,,"https://www.google.com/maps?q=43.433669,144.0871665"
休暇村 能登千里浜,,,,,,,,,,,,,,,,,,,https://www.qkamura.or.jp/noto/camp/,"https://www.google.com/maps?q=36.9119378,136.7703545"
高松市 峰山公園,,,,,,,,,,,,,,,,,,,,"https://www.google.com/maps?q=34.3304984,134.025792"
Sunset beach campsite,,,,,,,,,,,,,,,,,,,,"https://www.google.com/maps?q=34.1058229,129.1713499"
朱鞠内湖キャンプ場,,,,,,,,,,,,,,,,,,,,"https://www.google.com/maps?q=44.301048,142.1802129"
Free campsite with shower and toilet,,,,,,,,,,,,,,,,,,温浴,,"https://www.google.com/maps?q=33.8590278,129.6998885"
not a campsite but good for camping,,,,,,,,,,,,,,,,,,,,"https://www.google.com/maps?q=32.004636,130.188307"
石見海浜公園オートキャンプ場,,,,,,,,,,,,,,,,,,,http://kkisp.jp/,"https://www.google.com/maps?q=34.9494079,132.1237619"
松ヶ崎ヒストリーパーク,,,,,,,,,,,,,,,,,,,,"https://www.google.com/maps?q=37.9203683,138.4997303"
Kawashiro Park Camping Ground 川代公園キャンプ場,,,,,,,,,,,,,,,,,,,,"https://www.google.com/maps?q=35.0777175,135.1121012"
西浜キャンプ場,,,,,,,,,,,,,,,,,,,,"https://www.google.com/maps?q=39.0693492,139.8746115"
大渡キャンプ場,,,,,,,,,,,,,,,,,,,,"https://www.google.com/maps?q=35.5268643,139.0957963"
奥道志キャンプ場,,,,,,,,,,,,,,,,,,,,"https://www.google.com/maps?q=35.4699862,138.9439941"
洞窟,,,,,,,,,,,,,,,,,,,,"https://www.google.com/maps?q=36.1003822,137.9397392"
美幌みどりの村森林公園キャンプ場,,,,,,,,,,,,,,,,,,,,"https://www.google.com/maps?q=43.8367758,144.0855958"
シーサイドコリドールオートキャンプ場,,,,,,,,,,,,,,,,,,,,"https://www.google.com/maps?q=34.3639323,134.2118554"
久保キャンプ場,,,,,,,,,,,,,,,,,,,https://kubocamp.com/,"https://www.google.com/maps?q=35.5353992,139.0827473"
山伏キャンプ,,,,,,,,,,,,,,,,,,,,"https://www.google.com/maps?q=35.4642135,138.9425177"
美鈴湖キャンプ場,,,,,,,,,,,,,,,,,,,,"https://www.google.com/maps?q=36.2592477,138.0102698"
RECAMP摩周,,,,,,,,,,,,,,,,,,,,"https://www.google.com/maps?q=43.4792185,144.4509561"
望洋シャンツェオートキャンプ場,,,,,,,,,,,,,,,,,,,,"https://www.google.com/maps?q=43.1591792,141.0244419"
月見野森林公園キャンプ場,,,,,,,,,,,,,,,,,,,,"https://www.google.com/maps?q=40.776846,140.8130777"
平川市自然の森,,,,,,,,,,,,,,,,,,,,"https://www.google.com/maps?q=40.6039135,140.6155389"
岩洞湖家族旅行村,,,,,,,,,,,,,,,,,,,,"https://www.google.com/maps?q=39.8290231,141.3452863"
霊山湧水の里キャンプ場,,,,,,,,,,,,,,,,,,,,"https://www.google.com/maps?q=37.7837855,140.6703834"
象潟海水浴場キャンプ場,,,,,,,,,,,,,,,,,,,,"https://www.google.com/maps?q=39.2049484,139.894876"
三崎公園キャンプ場,,,,,,,,,,,,,,,,,,,,"https://www.google.com/maps?q=39.1205704,139.8727804"
下山キャンプ場,,,,,,,,,,,,,,,,,,,,"https://www.google.com/maps?q=35.3905592,133.5270319"
作並渓流釣り場,,,,,,,,,,,,,,,,,,,,"https://www.google.com/maps?q=38.3494767,140.6000858"
久多の里オートキャンプ場,,,,,,,,,,,,,,,,,,,,"https://www.google.com/maps?q=35.2718278,135.8520977"
いこいの里 久多キャンプ場,,,,,,,,,,,,,,,,,,,,"https://www.google.com/maps?q=35.2713264,135.8536852"
高谷山キャンプ場,,,,,,,,,,,,,,,,,,,,"https://www.google.com/maps?q=34.7965126,132.8233357"
島尾キャンプ場,,,,,,,,,,,,,,,,,,,,"https://www.google.com/maps?q=36.8334655,137.0096256"
松田江キャンプ場,,,,,,,,,,,,,,,,,,,,"https://www.google.com/maps?q=36.8400994,137.0020723"
えひめ森林公園キャンプ場,,,,,,,,,,,,,,,,,,,,"https://www.google.com/maps?q=33.7474239,132.7398278"
ふるさとふれあい村,,,,,,,,,,,,,,,,,,,,"https://www.google.com/maps?q=38.5668598,139.6367217"
猿倉山森林公園キャンプ場,,,,,,,,,,,,,,,,,,,,"https://www.google.com/maps?q=36.5578368,137.2233916"
白川ダム公園キャンプ場,,,,,,,,,,,,,,,,,,,,"https://www.google.com/maps?q=37.9320091,139.9040697"
島根鼻公園オートキャンプ場,,西ノ島町,,,,,,,,,,,,,,,,,,"https://www.google.com/maps?q=36.0845591,132.9919952"
秋吉台家族旅行村,,,,,,,,,,,,,,,,,,,,"https://www.google.com/maps?q=34.2302441,131.2982396"
墓ノ木自然公園キャンプ場,,,,,,,,,,,,,,,,,,,,"https://www.google.com/maps?q=36.8719976,137.5400792"
雲見夕陽 と潮騒の 岬オート キャンプ場,,,,,,,,,,,,,,,,,,,,"https://www.google.com/maps?q=34.7142729,138.7435822"
匹見峡レストパーク,,,,,,,,,,,,,,,,,,,,"https://www.google.com/maps?q=34.5498028,132.0340945"
義経海浜公園キャンプ場,,,,,,,,,,,,,,,,,,,,"https://www.google.com/maps?q=41.2022137,140.4300844"
川棚教育キャンプ場,,,,,,,,,,,,,,,,,,,,"https://www.google.com/maps?q=33.0537755,129.821471"
こころのもりキャンプ場,,,,,,,,,,,,,,,,,,,http://kokoronomori.blog61.fc2.com,"https://www.google.com/maps?q=37.0580779,139.7506821"
陸奥野営場,,周防大島町,,,,,,,,,,,,,,,,,,"https://www.google.com/maps?q=33.9500797,132.437994"
三峯グリーンランド,,,,,,,,,,,,,,,,,,,,"https://www.google.com/maps?q=36.9367749,137.5871427"
三国公園鳥羽キャンプ場,,,,,,,,,,,,,,,,,,,,"https://www.google.com/maps?q=35.1902585,134.9302621"
中の俣 北ノ俣 分岐,,,,,,,,,,,,,,,,,,,,"https://www.google.com/maps?q=36.3750022,137.4754546"
北ノ俣発電所,,,,,,,,,,,,,,,,,,,,"https://www.google.com/maps?q=36.3803738,137.4726776"
中の俣発電所,,,,,,,,,,,,,,,,,,,,"https://www.google.com/maps?q=36.3722597,137.47918"
池の尾発電所,,,,,,,,,,,,,,,,,,,,"https://www.google.com/maps?q=36.3643364,137.4581991"
ヘリポート 池の尾 上流,,,,,,,,,,,,,,,,,,,,"https://www.google.com/maps?q=36.3646442,137.4610319"
金木戸発電所,,,,,,,,,,,,,,,,,,,,"https://www.google.com/maps?q=36.3638154,137.4577333"
双六発電所,,,,,,,,,,,,,,,,,,,,"https://www.google.com/maps?q=36.3523417,137.4905265"
ヘリポート 金木戸 双六ダム 下,,,,,,,,,,,,,,,,,,,,"https://www.google.com/maps?q=36.3203295,137.4183992"
いわき市遠野オートキャンプ場,,,,,,,,,,,,,,,,,,,,"https://www.google.com/maps?q=37.054106,140.6910074"
昼ごはん,,,,,,,,,,,,,,,,,,,,"https://www.google.com/maps?q=36.1998091,137.0416525"
桐花園キャンプ場,,,,,,,,,,,,,,,,,,,,"https://www.google.com/maps?q=35.6432765,139.1396841"
穂別キャンプ場,,,,,,,,,,,,,,,,,,,,"https://www.google.com/maps?q=42.8722191,142.1306137"
Free camping,,,,,,,,,,,,,,,,,,,,"https://www.google.com/maps?q=43.1301527,143.6273424"
長崎鼻リゾートキャンプ場,,,,,,,,,,,,,,,,,,,,"https://www.google.com/maps?q=33.6832748,131.5226874"
せたな青少年旅行村,,,,,,,,,,,,,,,,,,,http://town.setana.lg.jp,"https://www.google.com/maps?q=42.4572006,139.8543493"
オートキャンプ森のかわなべ,,,,,,,,,,,,,,,,,,,,"https://www.google.com/maps?q=31.4293051,130.4673665"
根の上高原保古の湖キャンプ場,,,,,,,,,,,,,,,,,,,,"https://www.google.com/maps?q=35.4403922,137.4939129"
新戸キャンプ場,,相模原市,,,,,,,,,,,,,,,,,https://shindocamp.com,"https://www.google.com/maps?q=35.5671609,139.2025004"
四尾連湖 龍雲荘,,,,,,,,,,,,,,,,,,,,"https://www.google.com/maps?q=35.5299736,138.5192353"
四尾連湖 水明荘 キャンプ場,,,,,,,,,,,,,,,,,,,http://www17.plala.or.jp/suimeisoushibire/camp.html,"https://www.google.com/maps?q=35.5291856,138.5151556"
プレイパーク蛇喰,,,,,,,,,,,,,,,,,,,http://fuji-kosan.co.jp,"https://www.google.com/maps?q=34.2845852,132.1411242"
甲武キャンプ村,,,,,,,,,,,,,,,,,,,https://tabayama-kobu.com/,"https://www.google.com/maps?q=35.7875581,138.931759"
一の瀬高原キャンプ場,,,,,,,,,,,,,,,,,,,http://www.cosmo.ne.jp/~camp/,"https://www.google.com/maps?q=35.8358719,138.8381714"
玉川キャンプ村,,,,,,,,,,,,,,,,,,,http://www8.plala.or.jp/tamacamp/,"https://www.google.com/maps?q=35.7581709,138.9805323"
ほうれんぼうの森キャンプ場,,,,,,,,,,,,,,,,,,,https://www.horenbo.com/,"https://www.google.com/maps?q=35.7595969,138.9736291"
平山キャンプ場,,,,,,,,,,,,,,,,,,,http://www.hirayamacamp.com/,"https://www.google.com/maps?q=35.7566212,138.9536297"
はれキャン,,北塩原村,,,,,,,,,,,,,,,,,,"https://www.google.com/maps?q=37.687957,140.0708191"
ロハスガルテンキャンプ場,,,,,,,,,,,,,,,,,,,,"https://www.google.com/maps?q=36.2060014,139.0769616"
観音山キャンプパーク・ジョイナス,,,,,,,,,,,,,,,,,,,,"https://www.google.com/maps?q=36.3128037,138.9566283"
Yuki no onsen,,,,,,,,,,,,,,,,,,,,"https://www.google.com/maps?q=34.4734748,132.2402015"
野口オートキャンプ場,,,,,,,,,,,,,,,,,,,https://www.city.gobo.wakayama.jp/sisetu/sisetu/1383725123644.html,"https://www.google.com/maps?q=33.8983629,135.193028"
古法華キャンプ場,,,,,,,,,,,,,,,,,,,,"https://www.google.com/maps?q=34.8811343,134.8028261"
鴨池公園キャンプ場,,,,,,,,,,,,,,,,,,,,"https://www.google.com/maps?q=34.8407335,134.8992879"
ロマンの森共和国オートキャンプ場,,,,,,,,,,,,,,,,,,,,"https://www.google.com/maps?q=35.1841585,140.009911"
フォンテーヌの森,,,,,,,,,,,,,,,,,,,,"https://www.google.com/maps?q=36.0808793,140.1475949"
赤城バイブルキャンプ,,,,,,,,,,,,,,,,,,,,"https://www.google.com/maps?q=36.5457787,139.1866223"
赤城バンガロー村 柴田テント,,,,,,,,,,,,,,,,,,,,"https://www.google.com/maps?q=36.5470903,139.185944"
唐沢キャンプ場,,清川村,,,,,,,,,,,,,,,,,https://karasawa-camp.sakura.ne.jp/,"https://www.google.com/maps?q=35.4880226,139.2221334"
国際一ノ瀬キャンプ場,,清川村,,,,,,,,,,,,,,,,,http://www.town.kiyokawa.kanagawa.jp/Sightseeing/kankojouho/outdoor/712.html,"https://www.google.com/maps?q=35.4923741,139.2201388"
長者屋敷キャンプ場,,清川村,,,,,,,,,,,,,,,,,http://www.town.kiyokawa.kanagawa.jp/Sightseeing/kankojouho/outdoor/712.html,"https://www.google.com/maps?q=35.4977645,139.2258682"
明地原公園キャンプ場,,,,,,,,,,,,,,,,,,,,"https://www.google.com/maps?q=26.9319026,127.9219515"
クマヤキャンプ場,,,,,,,,,,,,,,,,,,,,"https://www.google.com/maps?q=27.0898417,128.0162992"
トムラウシ自然休養林野営場,,,,,,,,,,,,,,,,,,,,"https://www.google.com/maps?q=43.4621991,142.8633705"
丸木浜キャンプ場,,,,,,,,,,,,,,,,,,,,"https://www.google.com/maps?q=31.2907686,130.2141705"
烏川オートキャンプ場,,,,,,,,,,,,,,,,,,,,"https://www.google.com/maps?q=36.2866845,139.0905502"
Nikko Daiyagawa Park Auto Camping Ground,,,,,,,,,,,,,,,,,,,https://www.park-tochigi.com,"https://www.google.com/maps?q=36.733635,139.6685162"
宇樽部キャンプ場,,,,,,,,,,,,,,,,,,,https://www.en-aomori.com/activities-061.html,"https://www.google.com/maps?q=40.4475157,140.9270233"
ぽんぽこの森Family Camp場,,,,,,,,,,,,,,,,,,,,"https://www.google.com/maps?q=37.083606,140.0064452"
釧路市山花公園オートキャンプ場,,,,,,,,,,,,,,,,,,,,"https://www.google.com/maps?q=43.0883551,144.2322832"
Campground,,,,,,,,,,,,,,,,,,,,"https://www.google.com/maps?q=35.6444846,134.8361079"
PICA富士吉田,,,,,,,,,,,,,,,,,,,,"https://www.google.com/maps?q=35.4590117,138.7699771"
然別峡野営場,,,,,,,,,,,,,,,,,,,,"https://www.google.com/maps?q=43.3277801,143.0444471"
宝慶寺いこいの森キャンプ場,,,,,,,,,,,,,,,,,,,,"https://www.google.com/maps?q=35.9129542,136.4665319"
丸山県民サンビーチ,,,,,,,,,,,,,,,,,,,,"https://www.google.com/maps?q=34.7313728,134.4165389"
J.club,,阿蘇市波野中江884,,,,,,,,,,,,,,,,,,"https://www.google.com/maps?q=32.8924487,131.1780657"
原不動滝キャンプ場,,,,,,,,,,,,,,,,,,,,"https://www.google.com/maps?q=35.2035986,134.5062255"
浩庵キャンプ場,,,,,,,,,,,,,,,,,,,,"https://www.google.com/maps?q=35.4727329,138.5750091"
Camp ground,,,,,,,,,,,,,,,,,,,,"https://www.google.com/maps?q=35.4536533,139.0512885"
七ツ釜キャンプ場,,,,,,,,,,,,,,,,,,,,"https://www.google.com/maps?q=36.9718441,138.7105776"
健康の森よこね,,,,,,,,,,,,,,,,,,,,"https://www.google.com/maps?q=38.050227,139.728818"
休暇村佐渡オートキャンプ場,,,,,,,,,,,,,,,,,,,,"https://www.google.com/maps?q=38.2488087,138.4017474"
二ツ亀キャンプ場,,,,,,,,,,,,,,,,,,,,"https://www.google.com/maps?q=38.3297149,138.4872159"
寒川キャンプ場,,,,,,,,,,,,,,,,,,,,"https://www.google.com/maps?q=38.4534077,139.494965"
碁石キャンプ場,,,,,,,,,,,,,,,,,,,,"https://www.google.com/maps?q=38.4966743,139.5187652"
とどろき万太郎村キャンプ場,,,,,,,,,,,,,,,,,,,,"https://www.google.com/maps?q=32.4180815,130.0354276"
Ban-yamin campsite,,,,,,,,,,,,,,,,,,,,"https://www.google.com/maps?q=30.3201087,130.6606416"
ニセコサヒナキャンプ場,,,,,,,,,,,,,,,,,,,,"https://www.google.com/maps?q=42.8271591,140.621791"
宮原公園,,,,,,,,,,,,,,,,,,,,"https://www.google.com/maps?q=36.6620124,140.1740057"
河津七滝オートキャンプ場,,,,,,,,,,,,,,,,,,,,"https://www.google.com/maps?q=34.7996427,138.9269583"
四万十オートキャンプ場「ウェル花夢」,,,,,,,,,,,,,,,,,,,,"https://www.google.com/maps?q=33.2163575,132.9774133"
さいたま市グリーンライフ猿花キャンプ場,,,,,,,,,,,,,,,,,,,,"https://www.google.com/maps?q=35.9165568,139.6648788"
大井沢キャンプ場,,,,,,,,,,,,,,,,,,,,"https://www.google.com/maps?q=38.3841412,139.9937323"
葉山森林公園キャンプ場,,,,,,,,,,,,,,,,,,,,"https://www.google.com/maps?q=38.1655416,140.0229601"
鳥野目河川公園オートキャンプ場,,,,,,,,,,,,,,,,,,,,"https://www.google.com/maps?q=36.9899026,140.0309936"
本栖湖キャンプ場,,,,,,,,,,,,,,,,,,,,"https://www.google.com/maps?q=35.4574226,138.6006856"
大池いこいの森キャンプ場,,,,,,,,,,,,,,,,,,,,"https://www.google.com/maps?q=37.1747513,138.3659267"
町民の森,,,,,,,,,,,,,,,,,,,,"https://www.google.com/maps?q=38.4108401,141.0620013"
少年自然の家キャンプ場,,,,,,,,,,,,,,,,,,,https://www.city.kasugai.lg.jp/shisetsu/sonota/ie/ie/1010687.html,"https://www.google.com/maps?q=35.3030065,137.0527102"
サンタヒルズ センターハウス,,,オート/フリー併設,,,,,,,,,,,,,,,,,"https://www.google.com/maps?q=36.7540868,140.0837844"
沼沢湖,,,,,,,,,,,,,,,,,,,,"https://www.google.com/maps?q=37.451313,139.5870501"
ベアードブルワリーガーデン,,,,,,,,,,,,,,,,,,,https://camp.bairdbeer.com/,"https://www.google.com/maps?q=34.9514017,138.9405447"
白浜キャンプ場,,,,,,,,,,,,,,,,,,,,"https://www.google.com/maps?q=44.4289318,141.414926"
"Hisetsunotaki Camping Ground, 1409-1, Asari, Kiho, Minamimuro-gun, Mie 519-5718, Japan",,,,,,,,,,,,,,,,,,,https://hisetsu.jp/,"https://www.google.com/maps?q=33.7580802,135.9264999"
白岩渓流園キャンプ場,,飯能市,,,,,,,,,,,,,,,,,,"https://www.google.com/maps?q=35.9091874,139.1314702"
稲ヶ崎キャンプ場,,君津市,,,,,,,,,,,,,,,,,,"https://www.google.com/maps?q=35.225606,140.0983476"
つちうちキャンプ場,,,,,,,,,,,,,,,,,,,http://www.chichibu.ne.jp,"https://www.google.com/maps?q=35.9433832,138.9275068"
多々羅キャンプ場,,,,,,,,,,,,,,,,,,,,"https://www.google.com/maps?q=34.2578307,133.0525808"
老谷の森 川のほとりのキャンプ場,,下呂市,,,,,,,,,,,,,,,,,https://oitaninomori.com/,"https://www.google.com/maps?q=35.9578795,137.1188686"
高間キャンプ場,,,,,,,,,,,,,,,,,,,,"https://www.google.com/maps?q=34.7547024,133.6382146"
三重湖公園キャンプ場,,,,,,,,,,,,,,,,,,,,"https://www.google.com/maps?q=43.0841071,141.6798073"
大浜崎キャンプ場,,,,,,,,,,,,,,,,,,,,"https://www.google.com/maps?q=34.3576274,133.1710266"
ひるぜん塩釜キャンプ場,,,,,,,,,,,,,,,,,,,,"https://www.google.com/maps?q=35.3015147,133.6777356"
森林公園びふかアイランド（キャンプ場）,,,,,,,,,,,,,,,,,,,,"https://www.google.com/maps?q=44.5576466,142.3245043"
平田森林公園キャンプ場,,,,,,,,,,,,,,,,,,,,"https://www.google.com/maps?q=35.4432,132.8081157"
Tamagawa picnic site,,,,,,,,,,,,,,,,,,,,"https://www.google.com/maps?q=34.6529293,131.6619714"
Camping area (summer),,,,,,,,,,,,,,,,,,,,"https://www.google.com/maps?q=34.3867932,131.2571298"
Wild beach camping.,,,,,,,,,,,,,,,,,,,,"https://www.google.com/maps?q=33.9933808,131.4438712"
ニニウキャンプ場,,,,,,,,,,,,,,,,,,,https://niniu-camp.sakura.ne.jp/,"https://www.google.com/maps?q=42.9552395,142.3206751"
サホロ湖キャンプ場,,,,,,,,,,,,,,,,,,,,"https://www.google.com/maps?q=43.1806705,142.8274324"
めいほうキャンプ場,,,,,,,,,,,,,,,,,,,,"https://www.google.com/maps?q=35.8460573,137.0305304"
Nice and quiet camping place. No shower.,,,,,,,,,,,,,,,,,,,,"https://www.google.com/maps?q=35.5009894,134.1546025"
木のむらキャンプ場,,,,,,,,,,,,,,,,,,,,"https://www.google.com/maps?q=35.9875211,139.2073164"
柏木地区レクリエーション施設キャンプ場,,,,,,,,,,,,,,,,,,,http://www.eniwa-ciu.jp/kashiwagi.html,"https://www.google.com/maps?q=42.8888196,141.5402199"
閉伊川オートキャンプ場,,,,,,,,,,,,,,,,,,,,"https://www.google.com/maps?q=39.6165324,141.7932878"
兜沼公園キャンプ場,,,,,,,,,,,,,,,,,,,http://www.toyotomicamp.sakura.ne.jp/,"https://www.google.com/maps?q=45.2169499,141.7001835"
国設白金野営場,,,,,,,,,,,,,,,,,,,,"https://www.google.com/maps?q=43.4744049,142.6460165"
山部自然公園太陽の里キャンプ場,,,,,,,,,,,,,,,,,,,,"https://www.google.com/maps?q=43.2464138,142.3418946"
岩瀬牧場,,,,,,,,,,,,,,,,,,,,"https://www.google.com/maps?q=37.2515577,140.3649795"
昭和の森フォレストビレッジ,,,,,,,,,,,,,,,,,,,https://forestvillage.jp/,"https://www.google.com/maps?q=35.5175677,140.2765918"
塘路元村キャンプ場,,,,,,,,,,,,,,,,,,,http://www.sip.or.jp/~kankou/enjoy/enjoy-camp.html,"https://www.google.com/maps?q=43.1528919,144.5099393"
赤眼四十八滝キャンプ場,,,,,,,,,,,,,,,,,,,,"https://www.google.com/maps?q=34.57073,136.0796496"
TARI CANHA Murakushi BEACH,,,,,,,,,,,,,,,,,,,,"https://www.google.com/maps?q=34.7120117,137.583259"
清和県民の森キャンプ場,,,,,,,,,,,,,,,,,,,http://www.chiba-forest.jp/seiwa/,"https://www.google.com/maps?q=35.1755678,140.0174567"
森のまきばオートキャンプ場,,,,,,,,,,,,,,,,,,,,"https://www.google.com/maps?q=35.3907755,140.0696053"
マリンピア姫島,,,,,,,,,,,,,,,,,,,,"https://www.google.com/maps?q=33.7206248,131.6407794"
明石,,,,,,,,,,,,,,,,,,,,"https://www.google.com/maps?q=33.7229437,131.6579807"
青年団,,,,,,,,,,,,,,,,,,,,"https://www.google.com/maps?q=33.7223745,131.6577485"
中央公園キャンプ場,,,,,,,,,,,,,,,,,,,,"https://www.google.com/maps?q=40.7405496,141.1645269"
権限崎ふるさと自然公園,,,,,,,,,,,,,,,,,,,,"https://www.google.com/maps?q=33.6860324,131.6048788"
上小川キャンプ場,,,,,,,,,,,,,,,,,,,,"https://www.google.com/maps?q=36.7166564,140.3835138"
大原上布施オートキャンプ場,,,,,,,,,,,,,,,,,,,https://ethp.net,"https://www.google.com/maps?q=35.2211347,140.3539187"
有野実苑オートキャンプ場,,,,,,,,,,,,,,,,,,,https://arinomi.co.jp/,"https://www.google.com/maps?q=35.6747617,140.385199"
天女の里,,,,,,,,,,,,,,,,,,,,"https://www.google.com/maps?q=35.5610956,135.0177615"
千坊川砂防公園キャンプ場,,,,,,,,,,,,,,,,,,,,"https://www.google.com/maps?q=34.0395503,131.4480525"
坪の内オートキャンプ場,,,,,,,,,,,,,,,,,,,,"https://www.google.com/maps?q=34.2205254,135.8403461"
神津島 長浜野営場,,,,,,,,,,,,,,,,,,,,"https://www.google.com/maps?q=34.2276978,139.1379041"
層雲峡オートキャンプ場,,,,,,,,,,,,,,,,,,,,"https://www.google.com/maps?q=43.7721041,142.9023753"
1st Campground (paid),,,,,,,,,,,,,,,,,,,,"https://www.google.com/maps?q=35.2898821,138.9678118"
朱鞠内湖畔キャンプ場,,,,,,,,,,,,,,,,,,,,"https://www.google.com/maps?q=44.3064265,142.1808003"
厚田キャンプ場,,,,,,,,,,,,,,,,,,,,"https://www.google.com/maps?q=43.4074845,141.4496484"
大源太キャニオンキャンプ場,,,,,,,,,,,,,,,,,,,https://daigenta.net/,"https://www.google.com/maps?q=36.9179207,138.8906201"
国崎公園キャンプ場,,,,,,,,,,,,,,,,,,,,"https://www.google.com/maps?q=32.6881586,130.1263221"
カンパーニャ嬬恋キャンプ場,,,,,,,,,,,,,,,,,,,https://www.muji.net/camp/tsumagoi/,"https://www.google.com/maps?q=36.5414681,138.4770589"
auto-camping 1620Yen per place,,,,,,,,,,,,,,,,,,,,"https://www.google.com/maps?q=40.2924489,140.4496508"
つつじの里 荒滝,,,,,,,,,,,,,,,,,,,,"https://www.google.com/maps?q=34.4486422,136.2987998"
大滝げんきプラザ,,,,,,,,,,,,,,,,,,,,"https://www.google.com/maps?q=35.9493522,138.9009423"
大津谷公園 キャンプ場,,,,,,,,,,,,,,,,,,,,"https://www.google.com/maps?q=35.4517218,136.5403998"
新穂ダムキャンプサイト,,,,,,,,,,,,,,,,,,,,"https://www.google.com/maps?q=38.0043296,138.4497362"
ベーチ 長浜,,,,,,,,,,,,,,,,,,,,"https://www.google.com/maps?q=34.1449363,132.4827356"
Tsurumi Ryokuchi Campsite,,,フリー,,,,,,,,,,,,,,,,https://www.tsurumi-ryokuchi.jp/facility/bbq-camp.html,"https://www.google.com/maps?q=34.7112924,135.5695054"
丹波笹山キャンプ場,,,,,,,,,,,,,,,,,,,,"https://www.google.com/maps?q=35.167817,135.2744543"
さかざわキャンプ場,,,,,,,,,,,,,,,,,,,,"https://www.google.com/maps?q=35.5755039,139.0702987"
滝ノ沢野営場,,,,,,,,,,,,,,,,,,,,"https://www.google.com/maps?q=40.4855035,140.8312559"
瀬の本高原茶屋の原キャンプ場,,南小国町,オート/フリー併設,,,,,,,,,,,,,,,,,"https://www.google.com/maps?q=33.0705263,131.1739095"
みずほの森キャンプ場,,,,,,,,,,,,,,,,,,,http://city.unzen.nagasaki.jp,"https://www.google.com/maps?q=32.8171903,130.2645611"
北広島市自然の森キャンプ場,,,,,,,,,,,,,,,,,,,,"https://www.google.com/maps?q=42.9304651,141.5044841"
つつじの森キャンプ場,,,,,,,,,,,,,,,,,,,,"https://www.google.com/maps?q=40.409527,141.5851466"
カレイ山展望公園キャンプ場,,,,,,,,,,,,,,,,,,,,"https://www.google.com/maps?q=34.1836304,133.0693009"
広島市青少年野外活動センター 広島市こども村,,広島市,,,,,,,,,,,,,,,,,,"https://www.google.com/maps?q=34.57759,132.4313716"
田沢湖キャンプ場,,,,,,,,,,,,,,,,,,,,"https://www.google.com/maps?q=39.7448972,140.6849791"
雪彦山登山口・キャンプ場,,,,,,,,,,,,,,,,,,,,"https://www.google.com/maps?q=35.0607657,134.6627193"
伊奈町制記念公園 キャンプ場,,伊奈町,,,,,,,,,,,,,,,,,,"https://www.google.com/maps?q=36.0126964,139.6095064"
秋田市雄和高尾山キャンプ場,,,,,,,,,,,,,,,,,,,,"https://www.google.com/maps?q=39.5468375,140.1925324"
秋田市竹の花公園キャンプ場,,,,,,,,,,,,,,,,,,,,"https://www.google.com/maps?q=39.5264083,140.2430735"
青少年野外活動基地 親子キャンプ場,,,,,,,,,,,,,,,,,,,,"https://www.google.com/maps?q=39.9989827,140.6106396"
なかよしキャンプ場,,,,,,,,,,,,,,,,,,,,"https://www.google.com/maps?q=35.8134086,139.2949876"
大洗サンビーチ,,,,,,,,,,,,,,,,,,,,"https://www.google.com/maps?q=36.2960947,140.5634614"
RVパーク GLAGANA,,,,,,,,,,,,,,,,,,,,"https://www.google.com/maps?q=33.5431781,130.4990109"
矢筈山キャンプ場,,,,,,,,,,,,,,,,,,,,"https://www.google.com/maps?q=33.9148629,130.9511326"
星に手のとどく丘キャンプ場,,,,,,,,,,,,,,,,,,,,"https://www.google.com/maps?q=43.3859839,142.5338279"
スノーピーク十勝ポロシリキャンプフィールド,,,,,,,,,,,,,,,,,,,,"https://www.google.com/maps?q=42.7082491,143.0202416"
バーベキュー広場,,,,,,,,,,,,,,,,,,,,"https://www.google.com/maps?q=35.7947681,139.7709833"
長節湖キャンプ場,,,,,,,,,,,,,,,,,,,,"https://www.google.com/maps?q=42.655129,143.6111996"
札内川園地キャンプ場,,,,,,,,,,,,,,,,,,,,"https://www.google.com/maps?q=42.5968608,142.9534646"
酸ケ湯キャンプ場,,,,,,,,,,,,,,,,,,,,"https://www.google.com/maps?q=40.6479705,140.8482617"
岩木山桜林公園,,,,,,,,,,,,,,,,,,,,"https://www.google.com/maps?q=40.626858,140.3340716"
後生掛キャンプ場,,,,,,,,,,,,,,,,,,,,"https://www.google.com/maps?q=39.9800012,140.7987252"
北村ふれあいキャンプ場,,,,,,,,,,,,,,,,,,,,"https://www.google.com/maps?q=43.2571083,141.6969551"
鳥海高原家族旅行村,,,,,,,,,,,,,,,,,,,,"https://www.google.com/maps?q=39.0341752,140.0354093"
下湯ダム公園キャンプ場,,,,,,,,,,,,,,,,,,,,"https://www.google.com/maps?q=40.6913222,140.7834136"
河原の坊キャンプ場,,,,,,,,,,,,,,,,,,,,"https://www.google.com/maps?q=39.5409982,141.4778052"
笠詰キャンプ場,,,,,,,,,,,,,,,,,,,,"https://www.google.com/maps?q=39.53428,141.4299866"
秋葉公園キャンプ場,,,,,,,,,,,,,,,,,,,,"https://www.google.com/maps?q=37.7824019,139.1388281"
徳舜瞥山麓キャンプ場,,,,,,,,,,,,,,,,,,,,"https://www.google.com/maps?q=42.6580295,141.0911369"
橋立川キャンプ場,,,,,,,,,,,,,,,,,,,,"https://www.google.com/maps?q=35.9627514,139.0569126"
チロリン村,,,,,,,,,,,,,,,,,,,,"https://www.google.com/maps?q=34.9086055,133.8258749"
ほったらかしキャンプ場,,,,,,,,,,,,,,,,,,,,"https://www.google.com/maps?q=35.7084761,138.6485234"
砂浜海岸キャンプ場,,,,,,,,,,,,,,,,,,,,"https://www.google.com/maps?q=41.0620903,141.2432929"
玉川ダムキャンプ場,,,,,,,,,,,,,,,,,,,,"https://www.google.com/maps?q=39.8278094,140.6430158"
相の沢キャンプ場,,,,,,,,,,,,,,,,,,,,"https://www.google.com/maps?q=39.8061548,141.0122674"
矢巾町営キャンプ場,,,,,,,,,,,,,,,,,,,,"https://www.google.com/maps?q=39.6181128,141.1050657"
湯沢市市民の森キャンプ場,,,,,,,,,,,,,,,,,,,,"https://www.google.com/maps?q=39.1508203,140.5111469"
法体園地キャンプ場,,,,,,,,,,,,,,,,,,,,"https://www.google.com/maps?q=39.1087014,140.1553429"
八森山レクレーション広場,,,,,,,,,,,,,,,,,,,,"https://www.google.com/maps?q=38.6845207,139.6656092"
三株高原キャンプ場,,,,,,,,,,,,,,,,,,,,"https://www.google.com/maps?q=37.026833,140.5915884"
西郷村営野外キャンプ場第二,,,,,,,,,,,,,,,,,,,,"https://www.google.com/maps?q=37.1592428,140.1026204"
勝原園地,,,,,,,,,,,,,,,,,,,,"https://www.google.com/maps?q=35.972791,136.5954798"
赤城公園キャンプ場,,,,,,,,,,,,,,,,,,,,"https://www.google.com/maps?q=36.5576722,139.172938"
東山ファミリーランドキャンプ場,,,,,,,,,,,,,,,,,,,,"https://www.google.com/maps?q=37.4152448,138.8894452"
竜王峡キャンプ場,,,,,,,,,,,,,,,,,,,,"https://www.google.com/maps?q=33.7704918,130.7862063"
青野原野呂ロッジキャンプ場,,,,,,,,,,,,,,,,,,,https://norolodge.com/,"https://www.google.com/maps?q=35.5694332,139.1992778"
青野原オートキャンプ場,,,,,,,,,,,,,,,,,,,,"https://www.google.com/maps?q=35.5693204,139.2003742"
高梁自然公園キャンプ場,,,,,,,,,,,,,,,,,,,,"https://www.google.com/maps?q=34.7954855,133.5772037"
中主吉川公園,,,,,,,,,,,,,,,,,,,,"https://www.google.com/maps?q=35.1355757,135.9905598"
大平山キャンプ場,,,,,,,,,,,,,,,,,,,,"https://www.google.com/maps?q=34.9056851,133.7092162"
神洞ほたるの里公園,,,,,,,,,,,,,,,,,,,,"https://www.google.com/maps?q=35.5820189,136.8911606"
神恵内青少年旅行村,,,,,,,,,,,,,,,,,,,,"https://www.google.com/maps?q=43.1481927,140.4210382"
小船キャンプ場,,,,,,,,,,,,,,,,,,,,"https://www.google.com/maps?q=33.8376851,135.8576617"
矢頭中宮キャンプ場,,,,,,,,,,,,,,,,,,,,"https://www.google.com/maps?q=34.5831947,136.3682149"
猪谷川水辺公園,,,,,,,,,,,,,,,,,,,,"https://www.google.com/maps?q=33.9677269,135.4218187"
虎口池キャンプ場,,,,,,,,,,,,,,,,,,,,"https://www.google.com/maps?q=34.5777209,133.9904565"
早島町ふれあいの森公園,,,,,,,,,,,,,,,,,,,,"https://www.google.com/maps?q=34.618195,133.8163921"
望地弁天キャンプ場,,,,,,,,,,,,,,,,,,,,"https://www.google.com/maps?q=35.5386772,139.3384333"
雨竜沼湿原ゲートパークキャンプ場,,,,,,,,,,,,,,,,,,,,"https://www.google.com/maps?q=43.699532,141.6464861"
明河キャンプ場,,,,,,,,,,,,,,,,,,,,"https://www.google.com/maps?q=33.7967977,133.0381254"
このまさわキャンプ場,,,,,,,,,,,,,,,,,,,,"https://www.google.com/maps?q=35.5421244,139.1211873"
油山市民の森キャンプ場,,,,,,,,,,,,,,,,,,,,"https://www.google.com/maps?q=33.5127295,130.3747159"
内浦山県民の森 オートキャンプ場,,,,,,,,,,,,,,,,,,,,"https://www.google.com/maps?q=35.1586136,140.1979332"
内浦山県民の森 第一キャンプ場,,,,,,,,,,,,,,,,,,,,"https://www.google.com/maps?q=35.1612089,140.1987403"
内浦山県民の森 第二キャンプ場,,,,,,,,,,,,,,,,,,,,"https://www.google.com/maps?q=35.1619847,140.1961215"
開田高原キャンプ場,,,,,,,,,,,,,,,,,,,,"https://www.google.com/maps?q=35.926316,137.5563543"
波田リバーパークキャンプ場,,,,,,,,,,,,,,,,,,,,"https://www.google.com/maps?q=36.2169556,137.8752585"
平湯キャンプ場,,,,,,,,,,,,,,,,,,,,"https://www.google.com/maps?q=36.183493,137.5510712"
合掌の森中尾キャンプ場,,,,,,,,,,,,,,,,,,,,"https://www.google.com/maps?q=36.2595753,137.5729899"
本栖湖いこいの森キャンプ場,,身延町,,,,,,,,,,,,,,,,,,"https://www.google.com/maps?q=35.4538967,138.568493"
浩庵テント村,,,,,,,,,,,,,,,,,,,,"https://www.google.com/maps?q=35.4515906,138.5709453"
三平山キャンプ場,,,,,,,,,,,,,,,,,,,,"https://www.google.com/maps?q=35.2860617,133.5746161"
とんぼの里公園キャンプ場,,,,,,,,,,,,,,,,,,,,"https://www.google.com/maps?q=35.0888003,133.8575357"
清流と棚田の里,,長崎市,,,,,,,,,,,,,,,,,,"https://www.google.com/maps?q=32.8986056,129.7651755"
竹田市野外活動施設そうぞうの丘,,,,,,,,,,,,,,,,,,,,"https://www.google.com/maps?q=32.9634048,131.3997561"
平江キャンプ場,,,,,,,,,,,,,,,,,,,,"https://www.google.com/maps?q=32.0136911,130.4843217"
本郷憩の森キャンプ場,,,,,,,,,,,,,,,,,,,,"https://www.google.com/maps?q=34.4856936,133.2491206"
深山峡公園三本松キャンプ場,,,,,,,,,,,,,,,,,,,,"https://www.google.com/maps?q=34.487672,132.8996582"
オートキャンプ沢谷,,,,,,,,,,,,,,,,,,,,"https://www.google.com/maps?q=34.2417419,135.8544514"
立石沢,,,,,,,,,,,,,,,,,,,,"https://www.google.com/maps?q=38.28384,140.5385939"
五合目,,,,,,,,,,,,,,,,,,,,"https://www.google.com/maps?q=38.2902843,140.5368718"
7合目,,,,,,,,,,,,,,,,,,,,"https://www.google.com/maps?q=38.2943084,140.5306824"
山荘八塩,,,,,,,,,,,,,,,,,,,,"https://www.google.com/maps?q=39.2608838,140.2335943"
野鳥の家,,,,,,,,,,,,,,,,,,,,"https://www.google.com/maps?q=39.2586159,140.234517"
大野路ファミリーキャンプ場,,,,,,,,,,,,,,,,,,,,"https://www.google.com/maps?q=35.2587786,138.8626433"
白猪谷オートキャンプ場,,,,,,,,,,,,,,,,,,,,"https://www.google.com/maps?q=33.7520449,133.1979243"
泉ヶ岳ゼロ村,,,,,,,,,,,,,,,,,,,,"https://www.google.com/maps?q=38.3713453,140.7700636"
エルム高原オートキャンプ場,,,,,,,,,,,,,,,,,,,,"https://www.google.com/maps?q=43.5920931,142.0487085"
吉田キャンプ場,,,,,,,,,,,,,,,,,,,,"https://www.google.com/maps?q=34.5575851,134.3454841"
静原キャンプ場,,,,,,,,,,,,,,,,,,,,"https://www.google.com/maps?q=35.1201291,135.8013928"
七ヶ宿オートキャンプ場 きららの森,,,,,,,,,,,,,,,,,,,,"https://www.google.com/maps?q=37.9976704,140.367287"
二風谷ファミリーランドオートキャンプ場,,,,,,,,,,,,,,,,,,,,"https://www.google.com/maps?q=42.6453473,142.1719651"
大平キャンプ場跡地,,,,,,,,,,,,,,,,,,,,"https://www.google.com/maps?q=35.5181021,139.1635939"
鰺ヶ沢キャンピングパーク,,,,,,,,,,,,,,,,,,,,"https://www.google.com/maps?q=40.7046001,140.2741966"
キリスト教 森郷キャンプ場,,,,,,,,,,,,,,,,,,,,"https://www.google.com/maps?q=38.3433573,140.9868633"
浦河町オロマップキャンプ場,,,,,,,,,,,,,,,,,,,,"https://www.google.com/maps?q=42.2282365,142.9048781"
前川キャンプ場,,,,,,,,,,,,,,,,,,,,"https://www.google.com/maps?q=33.9244729,134.4964002"
高島キャンプ場,,,,,,,,,,,,,,,,,,,,"https://www.google.com/maps?q=33.2744721,131.9427423"
札幌市定山渓自然の村,,,,,,,,,,,,,,,,,,,,"https://www.google.com/maps?q=42.9309581,141.1520187"
勝古沢キャンプ場,,,,,,,,,,,,,,,,,,,,"https://www.google.com/maps?q=35.4630686,140.2076888"
勝古沢キャンプ場受付,,,,,,,,,,,,,,,,,,,,"https://www.google.com/maps?q=35.4606579,140.2082284"
芝山自然公園,,,,,,,,,,,,,,,,,,,,"https://www.google.com/maps?q=37.1562294,140.6121629"
面平キャンプ,,,,,,,,,,,,,,,,,,,https://www.mstb.jp/sangakubunka/campsite,"https://www.google.com/maps?q=35.3759951,138.0895483"
利尻町森林公園 キャンプ場,,,,,,,,,,,,,,,,,,,,"https://www.google.com/maps?q=45.1794116,141.1428923"
沼浦キャンプ場,,,,,,,,,,,,,,,,,,,,"https://www.google.com/maps?q=45.1222781,141.2890227"
とどろき万太郎村バンガロー,,,,,,,,,,,,,,,,,,,,"https://www.google.com/maps?q=32.4214272,130.0346292"
黒崎海水浴場キャンプ場,,,,,,,,,,,,,,,,,,,,"https://www.google.com/maps?q=32.5124576,130.1953242"
陶芸の里キャンプ場,,,,,,,,,,,,,,,,,,,,"https://www.google.com/maps?q=38.6344173,140.7089443"
二口キャンプ場,,,,,,,,,,,,,,,,,,,,"https://www.google.com/maps?q=38.2732192,140.5440509"
白嶽森林公園キャンプ場,,,,,,,,,,,,,,,,,,,https://www.city.kamiamakusa.kumamoto.jp/q/aview/136/160.html,"https://www.google.com/maps?q=32.4684987,130.4206068"
丸沼高原オートキャンプ場,,,,,,,,,,,,,,,,,,,,"https://www.google.com/maps?q=36.8138584,139.3372313"
諏訪公園キャンプ場,,,,,,,,,,,,,,,,,,,,"https://www.google.com/maps?q=32.4233304,130.4068637"
キャンプ場トレジャー,,,,,,,,,,,,,,,,,,,,"https://www.google.com/maps?q=32.5224631,130.4294631"
萩間キャンプ場,,,,,,,,,,,,,,,,,,,,"https://www.google.com/maps?q=34.8661271,138.0166351"
たそがれテラスまきやま,,,,,,,,,,,,,,,,,,,,"https://www.google.com/maps?q=34.8647662,136.145089"
美山町自然文化村キャンプ場,,,,,,,,,,,,,,,,,,,,"https://www.google.com/maps?q=35.308923,135.6361475"
FOREST GARDEN美山,,,,,,,,,,,,,,,,,,,,"https://www.google.com/maps?q=35.2702685,135.5665041"
菊川市野外宿泊施設（火剣山キャンプ場）,,,,,,,,,,,,,,,,,,,,"https://www.google.com/maps?q=34.8024194,138.1033801"
狩勝高原キャンプ場,,,,,,,,,,,,,,,,,,,,"https://www.google.com/maps?q=43.1666028,142.8088471"
森と木の里キャンプ場,,,,,,,,,,,,,,,,,,,https://www.city.kitami.lg.jp/administration/town/detail.php?content=10330,"https://www.google.com/maps?q=43.925209,143.9834901"
中山高原キャンプ場,,,,,,,,,,,,,,,,,,,,"https://www.google.com/maps?q=36.5621437,137.8706505"
ドロキャン新川,,仙台市,,,,,,,,,,,,,,,,,http://drone-camp-nikkawa.com/,"https://www.google.com/maps?q=38.3006187,140.6583028"
入川渓谷夕暮キャンプ場,,,,,,,,,,,,,,,,,,,,"https://www.google.com/maps?q=35.9429176,138.8364987"
中津川村キャンプ場,,,,,,,,,,,,,,,,,,,,"https://www.google.com/maps?q=35.9991511,138.8061127"
オロフレキャンプ場,,,,,,,,,,,,,,,,,,,,"https://www.google.com/maps?q=42.5571777,140.9854317"
判官館 森林公園キャンプ場,,,,,,,,,,,,,,,,,,,,"https://www.google.com/maps?q=42.370537,142.303899"
キャンプマナビス,,館山市,,,,,,,,,,,,,,,,,https://campmanavis.com/,"https://www.google.com/maps?q=34.9150285,139.8276804"
函館市戸井ウォーターパーク（フリーテントサイト）,,,,,,,,,,,,,,,,,,,http://www.toi-wp.com/,"https://www.google.com/maps?q=41.7325341,141.0296542"
南茅部河川公園,,,,,,,,,,,,,,,,,,,https://www.hakobura.jp/db/db-fun/2010/08/post-12.html,"https://www.google.com/maps?q=41.9385918,140.9132073"
うたのぼりコテージの里,,,,,,,,,,,,,,,,,,,http://greenpark.esashi.biz/page1,"https://www.google.com/maps?q=44.7864001,142.5197566"
Village杜の贈り物,,,,,,,,,,,,,,,,,,,,"https://www.google.com/maps?q=42.9436832,141.2220597"
星と緑のキャンプ場,,,,,,,,,,,,,,,,,,,,"https://www.google.com/maps?q=36.6579081,137.9892583"
朝里の森キャンプ場,,,,,,,,,,,,,,,,,,,,"https://www.google.com/maps?q=43.1412513,141.0409557"
戸隠キャンプ場ウェルカムハウス,,,,,,,,,,,,,,,,,,,,"https://www.google.com/maps?q=36.7698253,138.0903138"
戸隠イースタンキャンプ場,,,,,,,,,,,,,,,,,,,http://www.shinsyu-ringyou.com/,"https://www.google.com/maps?q=36.7698131,138.0906997"
西浜キャンプ場 管理棟,,,,,,,,,,,,,,,,,,,,"https://www.google.com/maps?q=39.0687701,139.8742127"
ピカ秩父,,,,,,,,,,,,,,,,,,,https://www.pica-resort.jp/chichibu/about/index.html,"https://www.google.com/maps?q=35.9877866,139.0483796"
ビオトピア オートキャンプ,,,,,,,,,,,,,,,,,,,,"https://www.google.com/maps?q=35.3276814,139.1647643"
カワセミ公園,,,,,,,,,,,,,,,,,,,,"https://www.google.com/maps?q=32.9053311,131.4515833"
杉ケ越コミュニティ,,,,,,,,,,,,,,,,,,,,"https://www.google.com/maps?q=32.8121529,131.5043726"
清水森林公園 黒川キャンプ場,,,,,,,,,,,,,,,,,,,,"https://www.google.com/maps?q=35.118435,138.4256108"
樽尾沢キャンプ場,,,,,,,,,,,,,,,,,,,,"https://www.google.com/maps?q=35.9287528,138.025694"
Moonlight Camping Garden,,,,,,,,,,,,,,,,,,,,"https://www.google.com/maps?q=43.8602056,142.3184833"
大文字山キャンプ場,,,,,,,,,,,,,,,,,,,,"https://www.google.com/maps?q=35.0202815,135.7996601"
井野浦ムーンビーチキャンプ場,,,,,,,,,,,,,,,,,,,,"https://www.google.com/maps?q=33.37247,132.109548"
三河高原キャンプ村,,,,,,,,,,,,,,,,,,,,"https://www.google.com/maps?q=35.0757781,137.3719548"
上の原キャンプ場,,,,,,,,,,,,,,,,,,,,"https://www.google.com/maps?q=37.06711,138.8532704"
てんきてんき村オートキャンプ場 受付,,,,,,,,,,,,,,,,,,,https://tenkitenki-mura.jp/autocamp/,"https://www.google.com/maps?q=35.7389502,135.10691"
所沢カルチャーパークキャンプ場,,,,,,,,,,,,,,,,,,,,"https://www.google.com/maps?q=35.8020345,139.4925872"
AONE×MATKA(アオネマトカ),,川崎町,,,,,,,,,,,,,,,,,,"https://www.google.com/maps?q=38.1492369,140.5357795"
癒しの体験型キャンプ場,,,,,,,,,,,,,,,,,,,,"https://www.google.com/maps?q=30.3960602,130.4259329"
毛呂山町ゆずの里オートキャンプ場,,,,,,,,,,,,,,,,,,,,"https://www.google.com/maps?q=35.9390518,139.288582"
キャンプマナビス 海サイト,,館山市,,,,,,,,,,,,,,,,,https://campmanavis.com/,"https://www.google.com/maps?q=34.9133609,139.8257175"
狐森島,,,,,,,,,,,,,,,,,,,,"https://www.google.com/maps?q=35.4598559,133.0976705"
星上山スターパーク,,,,,,,,,,,,,,,,,,,,"https://www.google.com/maps?q=35.3874622,133.1322466"
小波キャンプ場,,,,,,,,,,,,,,,,,,,,"https://www.google.com/maps?q=35.5885325,133.0985222"
マリンパーク多古鼻,,,,,,,,,,,,,,,,,,,,"https://www.google.com/maps?q=35.6014993,133.0888428"
THE CAMP,,館山市,,,,,,,,,,,,,,,,,https://www.senrinokaze.jp/camp/index.html,"https://www.google.com/maps?q=34.9344364,139.8261216"
竹富島,,,,,,,,,,,,,,,,,,,,"https://www.google.com/maps?q=24.3297221,124.0873495"
IZUMI PEAK BASE,,仙台市,,,,,,,,,,,,,,,,電源,https://peak-base.com/,"https://www.google.com/maps?q=38.3888209,140.7262311"
スタカ湖キャンプ場,,,,,,,,,,,,,,,,,,,,"https://www.google.com/maps?q=36.9174433,138.4896314"
美瑛富士キャンプ地,,,,,,,,,,,,,,,,,,,,"https://www.google.com/maps?q=43.4546368,142.722194"
湯元キャンプ場,,,,,,,,,,,,,,,,,,,,"https://www.google.com/maps?q=36.8037145,139.4192058"
Kotaroiwa Camping Ground,,,,,,,,,,,,,,,,,,,https://www.instagram.com/kotaroiwa_soni/,"https://www.google.com/maps?q=34.5491431,136.1413008"
ふれあいのもりキャンプ場,,,,,,,,,,,,,,,,,,,https://wassamutaikyo.com/hureainomori/,"https://www.google.com/maps?q=44.0135321,142.4213268"
ザランタン芦別,,,,,,,,,,,,,,,,,,,,"https://www.google.com/maps?q=43.5524918,142.2366135"
銀河の森コテージ村,,陸別町,,,,,,,,,,,,,,,,,http://park19.wakwak.com/~rikubetsu/cottage/index.html,"https://www.google.com/maps?q=43.4583196,143.7592396"
白の平オートキャンプ場,,,,,,,,,,,,,,,,,,,,"https://www.google.com/maps?q=34.2684743,135.8872714"
松林オートキャンプ場,,,,,,,,,,,,,,,,,,,,"https://www.google.com/maps?q=34.2692856,135.8881271"
Sun Village Soni,,,,,,,,,,,,,,,,,,,,"https://www.google.com/maps?q=34.5180371,136.1234635"
糸島ピクニックヴィレッジオートキャンプ場,,,,,,,,,,,,,,,,,,,https://itoshimapicnicvillage.hp.peraichi.com,"https://www.google.com/maps?q=33.5944543,130.1122294"
いきものふれあい の里キャンプ場,,,,,,,,,,,,,,,,,,,,"https://www.google.com/maps?q=33.9686887,134.4143604"
オフロードランドMio,,,,,,,,,,,,,,,,,,,,"https://www.google.com/maps?q=34.5114272,136.3195995"
立谷沢デイキャンプ,,,,,,,,,,,,,,,,,,,,"https://www.google.com/maps?q=38.6366045,140.0100491"
美保関・風ヶ浦キャンプ場,,,,,,,,,,,,,,,,,,,,"https://www.google.com/maps?q=35.5574586,133.2863601"
ウォーターパーク長瀞,,,フリー,,,,,,,,,,,,,,,,,"https://www.google.com/maps?q=36.0811773,139.1054664"
白鷹町上の台キャンプ場,,,,,,,,,,,,,,,,,,,,"https://www.google.com/maps?q=38.1840765,140.0359564"
大川ふるさと公園キャンプ場,,,,,,,,,,,,,,,,,,,,"https://www.google.com/maps?q=37.2435014,139.8560657"
華山キャンプ場（無料）,,,,,,,,,,,,,,,,,,,,"https://www.google.com/maps?q=34.1763852,131.0419682"
アクトビレッジおのキャンプ場,,,,,,,,,,,,,,,,,,,,"https://www.google.com/maps?q=34.1047896,131.3089451"
野田浜海水浴場キャンプ場,,,,,,,,,,,,,,,,,,,,"https://www.google.com/maps?q=32.6264286,130.1549338"
てんぐの森,,,,,,,,,,,,,,,,,,,,"https://www.google.com/maps?q=35.4245958,133.0865997"
茨戸川キャンプ場,,,,,,,,,,,,,,,,,,,,"https://www.google.com/maps?q=43.1745137,141.4016071"
ハワイアンズグランピング マウナヴィレッジ,,,,,,,,,,,,,,,,,,,,"https://www.google.com/maps?q=36.9912993,140.8017485"
乗政キャンプ場,,,,,,,,,,,,,,,,,,,,"https://www.google.com/maps?q=35.8096805,137.3033935"
AOYAMAEN,,,,,,,,,,,,,,,,,,,,"https://www.google.com/maps?q=42.9305123,141.339936"
湯の元温泉野営場,,,,,,,,,,,,,,,,,,,,"https://www.google.com/maps?q=43.2477158,141.9907837"
月の光キャンプ場,,,,,,,,,,,,,,,,,,,,"https://www.google.com/maps?q=42.590449,140.7905523"
グリーンステイ洞爺湖,,,,,,,,,,,,,,,,,,,,"https://www.google.com/maps?q=42.593337,140.789115"
杜のリゾート 丘の星ぞらGlamping Villa,,,,,,,,,,,,,,,,,,,,"https://www.google.com/maps?q=42.6648502,141.096418"
Dplus+Misono Camping Field,,,,,,,,,,,,,,,,,,,,"https://www.google.com/maps?q=42.7376886,141.0020414"
ブウベツの森キャンプ場,,,,,,,,,,,,,,,,,,,,"https://www.google.com/maps?q=42.5503685,141.3257476"
泉沢自然の森キャンプ場,,,,,,,,,,,,,,,,,,,,"https://www.google.com/maps?q=42.7947929,141.6065719"
余市フゴッペキャンプ場,,,,,,,,,,,,,,,,,,,,"https://www.google.com/maps?q=43.1870537,140.833029"
SanKing CampSite,,,,,,,,,,,,,,,,,,,,"https://www.google.com/maps?q=43.1605253,141.0484002"
キツツキの森キャンプ場,,,,,,,,,,,,,,,,,,,,"https://www.google.com/maps?q=42.9197852,141.5057204"
北広島かえるキャンプ場,,,,,,,,,,,,,,,,,,,,"https://www.google.com/maps?q=42.9181496,141.522466"
AKAIGAWA TOMO PLAYPARK キャンプフィールド,,,,,,,,,,,,,,,,,,,,"https://www.google.com/maps?q=43.0281839,140.8674162"
AKAIGAWA ”Ciel” CAMPFIELD,,,,,,,,,,,,,,,,,,,,"https://www.google.com/maps?q=43.0542805,140.8617983"
ノチウアウトドアPARK,,,,,,,,,,,,,,,,,,,,"https://www.google.com/maps?q=43.0692557,140.7050036"
MONK CAMPSITE,,,,,,,,,,,,,,,,,,,,"https://www.google.com/maps?q=43.2099732,140.9184327"
緑のふるさと 温泉の森キャンプ場,,,,,,,,,,,,,,,,,,,https://www.shizunai-onsen.jp/camp.html,"https://www.google.com/maps?q=42.3236034,142.4283496"
女満別湖畔公園野営場,,,,,,,,,,,,,,,,,,,,"https://www.google.com/maps?q=43.9201282,144.1780573"
女満別湖畔キャンプ場,,,,,,,,,,,,,,,,,,,,"https://www.google.com/maps?q=43.9164805,144.167877"
OkuShumbetsu CampField,,,,,,,,,,,,,,,,,,,,"https://www.google.com/maps?q=43.4611776,144.4093136"
達古武オートキャンプ場,,,,,,,,,,,,,,,,,,,,"https://www.google.com/maps?q=43.1094864,144.4889765"
白雲の池キャンプ場,,,,,,,,,,,,,,,,,,,https://www.nap-camp.com/nagasaki/12127,"https://www.google.com/maps?q=32.734077,130.2554344"
南丘森林公園内キャンプ場,,,,,,,,,,,,,,,,,,,https://www.town.wassamu.hokkaido.jp/industrial-development/commerce-tourism/attractions/forest-campground-minamioka/,"https://www.google.com/maps?q=43.9723045,142.3905641"
青葉公園ピクニック広場,,,,,,,,,,,,,,,,,,,,"https://www.google.com/maps?q=42.8131967,141.6280996"
FOREVER CAMPING PARADISE,,,,,,,,,,,,,,,,,,,,"https://www.google.com/maps?q=42.8062581,141.7029485"
弥生パークキャンプ場,,,,,,,,,,,,,,,,,,,,"https://www.google.com/maps?q=42.8567882,141.8226064"
IZUMISATO BETTEI,,,,,,,,,,,,,,,,,,,,"https://www.google.com/maps?q=42.9151308,141.7271878"
ファミリーパーク追分,,,,,,,,,,,,,,,,,,,,"https://www.google.com/maps?q=42.8996335,141.8745538"
KITANAGA,,,,,,,,,,,,,,,,,,,,"https://www.google.com/maps?q=43.0404551,141.7449621"
RVパーク カーリンクス長沼キャンプ場,,,,,,,,,,,,,,,,,,,,"https://www.google.com/maps?q=43.0629999,141.7267082"
由仁町見立の沢キャンプ場 LAUGH TALE,,,,,,,,,,,,,,,,,,,,"https://www.google.com/maps?q=43.0203929,141.7781603"
ABU CAMPFIELD,,,,,,,,,,,,,,,,,,,,"https://www.google.com/maps?q=34.496984,131.4676471"
ニセウ・エコランド,,,,,,,,,,,,,,,,,,,,"https://www.google.com/maps?q=42.738571,142.3389626"
白浜海水浴場キャンプ場,,,フリー,,,,,,,,,,,,,,,,,"https://www.google.com/maps?q=32.6097548,130.1749759"
吉野公園キャンプ場,,,,,,,,,,,,,,,,,,,,"https://www.google.com/maps?q=43.5915556,141.7339585"
田島公園キャンプ場,,,,,,,,,,,,,,,,,,,,"https://www.google.com/maps?q=43.80872,141.9482804"
滝川キャンプサイト,,,,,,,,,,,,,,,,,,,,"https://www.google.com/maps?q=43.581256,141.8922922"
幌新いこいの森公園キャンプサイト,,,,,,,,,,,,,,,,,,,,"https://www.google.com/maps?q=43.886549,141.9283875"
ふうれん望湖台自然公園,,,,,,,,,,,,,,,,,,,,"https://www.google.com/maps?q=44.2838348,142.5227653"
赤礁崎オートキャンプ場,,,,,,,,,,,,,,,,,,,,"https://www.google.com/maps?q=35.5330522,135.6657419"
三笠山自然公園内キャンプ場,,,,,,,,,,,,,,,,,,,https://www.town.wassamu.hokkaido.jp/industrial-development/commerce-tourism/attractions/mikasayama-park-campground/,"https://www.google.com/maps?q=44.0088439,142.419827"
きのこの里あいべつオートキャンプ場,,,,,,,,,,,,,,,,,,,,"https://www.google.com/maps?q=43.8814196,142.6683029"
上川ファミリーオートキャンプ村,,,,,,,,,,,,,,,,,,,,"https://www.google.com/maps?q=43.8424973,142.7783035"
千代田の丘キャンプ場,,,,,,,,,,,,,,,,,,,,"https://www.google.com/maps?q=43.5435838,142.4914869"
川渡テラス,,,,,,,,,,,,,,,,,,,,"https://www.google.com/maps?q=38.7291127,140.7497245"
Free Camping,,,,,,,,,,,,,,,,,,,,"https://www.google.com/maps?q=33.8912964,135.1285706"
春光台公園グリーンスポーツキャンプ場,,,,,,,,,,,,,,,,,,,,"https://www.google.com/maps?q=43.8071025,142.3480293"
Oasis biei,,,,,,,,,,,,,,,,,,,,"https://www.google.com/maps?q=43.6011136,142.5635776"
オロウエン大滝キャンプ場,,,,,,,,,,,,,,,,,,,,"https://www.google.com/maps?q=42.7138132,141.0189267"
晴好雨喜,,,,,,,,,,,,,,,,,,,,"https://www.google.com/maps?q=42.9753988,141.164087"
ニセコリバーサイドヒルキャンプ場,,,,,,,,,,,,,,,,,,,,"https://www.google.com/maps?q=42.8122294,140.6830916"
うにまるキャンプ場～NONA BASE～,,,,,,,,,,,,,,,,,,,,"https://www.google.com/maps?q=42.1529342,139.5209483"
つどいの館 キャンプ場,,,,,,,,,,,,,,,,,,,,"https://www.google.com/maps?q=42.4526787,141.1306893"
シーサイドパークキャンプ場,,,,,,,,,,,,,,,,,,,,"https://www.google.com/maps?q=42.3142018,143.3251461"
北海道ふくろう乃湯リゾート,,,,,,,,,,,,,,,,,,,,"https://www.google.com/maps?q=43.2464845,141.56675"
美郷青少年キャンプ村 ほたるの里,,,,,,,,,,,,,,,,,,,,"https://www.google.com/maps?q=34.0028099,134.2513419"
Starry Sky,,小松市,フリー,,,,,,,,,,,,,,,,https://starrysky2023.com/,"https://www.google.com/maps?q=36.3054,136.4887226"
野塚野営場,,,,,,,,,,,,,,,,,,,,"https://www.google.com/maps?q=43.3338413,140.4442081"
美国漁港海岸緑地広場,,,,,,,,,,,,,,,,,,,,"https://www.google.com/maps?q=43.296652,140.6055375"
古平家族旅行村,,,,,,,,,,,,,,,,,,,,"https://www.google.com/maps?q=43.2574573,140.6567218"
花畔ＢＡＳＥ,,,,,,,,,,,,,,,,,,,,"https://www.google.com/maps?q=43.1669313,141.3031215"
松本ＢＡＳＥ,,,,,,,,,,,,,,,,,,,,"https://www.google.com/maps?q=42.7330736,141.0845589"
ペトトル倶知安,,,,,,,,,,,,,,,,,,,,"https://www.google.com/maps?q=42.8831748,140.7549402"
石狩ＢＡＳＥ,,,,,,,,,,,,,,,,,,,,"https://www.google.com/maps?q=43.2462675,141.3648356"
余市アウトドアパーク ＮＯＢＯＲＩ,,,,,,,,,,,,,,,,,,,,"https://www.google.com/maps?q=43.1702728,140.8313"
山の越 古民家,,,,,,,,,,,,,,,,,,,,"https://www.google.com/maps?q=40.7839636,140.5171814"
小川原湖ふれあい村,,,,,,,,,,,,,,,,,,,,"https://www.google.com/maps?q=40.7277655,141.2836915"
御鉾ヶ浦公園キャンプ場,,,,,,,,,,,,,,,,,,,https://www.hyugacity.jp/sp/display.php?cont=140319105158,"https://www.google.com/maps?q=32.4228448,131.6735709"
大岸シーサイドキャンプ場,,,,,,,,,,,,,,,,,,,,"https://www.google.com/maps?q=42.5792967,140.6168628"
CAMPiece横芝光,,横芝光町,,,,,,,,,,,,,,,,,https://campiece.com/area/yokoshibahikari/,"https://www.google.com/maps?q=35.6808012,140.4987355"
ときわ湖畔北キャンプ場,,,,,,,,,,,,,,,,,,,https://www.tokiwapark.jp/etc/camp.html,"https://www.google.com/maps?q=33.9609779,131.2898965"
Ayukawaenchi Camping,,,,,,,,,,,,,,,,,,,https://www.public-camp.com/c-ken/c-fukui/c-10077-ayukawa.html,"https://www.google.com/maps?q=36.1019555,136.0358943"
デイキャンプ場,,,,,,,,,,,,,,,,,,,,"https://www.google.com/maps?q=39.2893286,140.412759"
神野山の学校キャンプ場,,,,,,,,,,,,,,,,,,,,"https://www.google.com/maps?q=31.2711005,130.9136656"
我路ファミリー公園キャンプ場,,,,,,,,,,,,,,,,,,,,"https://www.google.com/maps?q=43.323293,141.9506018"
KUWABARA CAMP（四徳温泉キャンプ場）,,,,,,,,,,,,,,,,,,,http://shitoku.net/kuwabaracamp/,"https://www.google.com/maps?q=35.623514,137.9904726"
四徳温泉キャンプ場,,,,,,,,,,,,,,,,,,,https://shitoku.net/%e6%b3%8a%e3%81%be%e3%82%8b/%e5%85%b1%e6%9c%89%e6%96%bd%e8%a8%ad/,"https://www.google.com/maps?q=35.6532836,138.0055332"
グランピングヒルズ アウラテラス茨城,,,,,,,,,,,,,,,,,,,,"https://www.google.com/maps?q=36.1642542,140.1505845"
学校キャンプ場,,,,,,,,,,,,,,,,,,,,"https://www.google.com/maps?q=38.3915813,140.7179712"
市民キャンプ場,,,,,,,,,,,,,,,,,,,,"https://www.google.com/maps?q=38.3896692,140.7189216"
Mount NIKI,,,,,,,,,,,,,,,,,,,,"https://www.google.com/maps?q=43.0795806,140.7214789"
千代田湖キャンプ場,,,,,,,,,,,,,,,,,,,https://chiyoda.natureservice.jp/,"https://www.google.com/maps?q=35.9509536,138.1491617"
キャンピングカーパークマタキテネ,,,,,,,,,,,,,,,,,,,,"https://www.google.com/maps?q=42.9922464,140.575382"
城峯公園キャンプ場,,,,,,,,,,,,,,,,,,,,"https://www.google.com/maps?q=36.1246531,139.0251174"
高安断層鞍部（中央構造線）,,,,,,,,,,,,,,,,,,,,"https://www.google.com/maps?q=35.6263215,138.0573734"
おたる自然の村,,,,,,,,,,,,,,,,,,,http://shizennomura.com,"https://www.google.com/maps?q=43.1732236,140.9526648"
621野営場,,,,,,,,,,,,,,,,,,,,"https://www.google.com/maps?q=41.124674,141.2595203"
姫鶴平キャンプ場,,,,,,,,,,,,,,,,,,,,"https://www.google.com/maps?q=33.4674975,132.962504"
K's Camp Glamping,,,,,,,,,,,,,,,,,,,,"https://www.google.com/maps?q=34.9082088,139.1252151"
神集島キャンプ場,,,,,,,,,,,,,,,,,,,,"https://www.google.com/maps?q=33.529979,129.9682242"
入野松原キャンプ場,,,,,,,,,,,,,,,,,,,http://iwk.ne.jp,"https://www.google.com/maps?q=33.0304926,133.0231131"
黒瀬キャンプ場,,,,,,,,,,,,,,,,,,,,"https://www.google.com/maps?q=33.5741677,133.3002449"
摂津峡青少年キャンプ場 第２キャンプ場,,高槻市,,,,,,,,,,,,,,,,,https://www.city.takatsuki.osaka.jp/soshiki/60/4910.html,"https://www.google.com/maps?q=34.8809413,135.5840056"
北条の棚田,,,,,,,,,,,,,,,,,,,,"https://www.google.com/maps?q=34.9609864,133.9344593"
上籾の棚田,,,,,,,,,,,,,,,,,,,,"https://www.google.com/maps?q=34.9415141,133.9081231"
尾瀬沼キャンプ場,,,,,,,,,,,,,,,,,,,,"https://www.google.com/maps?q=36.925915,139.317818"
ウェルキャンプ西丹沢,,山北町,,,,,,,,,,,,,,,,,https://well-camp.com/,"https://www.google.com/maps?q=35.4721183,139.0643902"
和平高原キャンプ場,,,,,,,,,,,,,,,,,,,,"https://www.google.com/maps?q=36.4867196,138.2127747"
恵比須浜キャンプ村,,,,,,,,,,,,,,,,,,,https://ebisuhama.web.fc2.com/,"https://www.google.com/maps?q=33.7423215,134.5557096"
まぜのおか,,,,,,,,,,,,,,,,,,,https://www.kaiyo-kankou.jp/spots/spots-1226/,"https://www.google.com/maps?q=33.6235541,134.3690634"
種崎千松公園キャンプ場,,,,,,,,,,,,,,,,,,,,"https://www.google.com/maps?q=33.5028573,133.5696384"
浮津キャンプ場,,,,,,,,,,,,,,,,,,,https://kuroshio-kanko.net/info/ukitsucampjyo/,"https://www.google.com/maps?q=33.0378493,133.0399343"
久万高原ふるさと旅行村キャンプ場,,,,,,,,,,,,,,,,,,,https://www.kuma-furusato.com/,"https://www.google.com/maps?q=33.6721499,132.9369226"
休暇村瀬戸内東予シーサイドキャンプ場,,,,,,,,,,,,,,,,,,,https://www.qkamura.or.jp/toyo/camp/,"https://www.google.com/maps?q=33.9862814,133.0633184"
千本高原キャンプ場,,,,,,,,,,,,,,,,,,,,"https://www.google.com/maps?q=33.675035,132.9228873"
新居浜市市民の森キャンプ場,,,,,,,,,,,,,,,,,,,,"https://www.google.com/maps?q=33.9454646,133.3537934"
田の浦野営場,,,,,,,,,,,,,,,,,,,https://www.pref.kagawa.lg.jp/kankyokanri/satoumi/umibemap/guide/beach_009.html,"https://www.google.com/maps?q=34.2372059,134.4041121"
中村川砂防公園キャンプ場,,,,,,,,,,,,,,,,,,,,"https://www.google.com/maps?q=34.6484456,133.4259013"
山野峡キャンプ場,,,,,,,,,,,,,,,,,,,,"https://www.google.com/maps?q=34.6894849,133.3693998"
木野山キャンプ場,,,,,,,,,,,,,,,,,,,,"https://www.google.com/maps?q=34.6620049,133.510661"
渡連キャンプ場,,,,,,,,,,,,,,,,,,,,"https://www.google.com/maps?q=28.4744247,129.6027947"
つり橋の里キャンプ場,,,フリー,,,,,,,,,,,,,,,,https://tsuribashino-sato.com/,"https://www.google.com/maps?q=34.1023679,135.7635003"
井出トマト農園 富士高原トマトフィールド,,,オート/フリー併設,,,,,,,,,,,,,,,,https://corp.idetomato.com/experience#fujiplateau,"https://www.google.com/maps?q=35.373315,138.5974995"
グランドーム富士忍野,,,,,,,,,,,,,,,,,,,https://glamping-oshino.com/,"https://www.google.com/maps?q=35.4559273,138.8177431"
カヌーの里おおちオートキャンプ場,,,,,,,,,,,,,,,,,,,,"https://www.google.com/maps?q=35.0688732,132.5967756"
三堰キャンプ場,,,,,,,,,,,,,,,,,,,,"https://www.google.com/maps?q=33.2697408,133.1210403"
秩父彩の国キャンプ村,,,,,,,,,,,,,,,,,,,,"https://www.google.com/maps?q=35.8943844,139.0989644"
Taihama Beach and Camping Site,,,,,,,,,,,,,,,,,,,,"https://www.google.com/maps?q=34.5477035,134.274346"
Kobe Beach and camping site,,,,,,,,,,,,,,,,,,,,"https://www.google.com/maps?q=34.5519832,134.3062743"
ログハウスヤハギ,,,,,,,,,,,,,,,,,,,,"https://www.google.com/maps?q=38.5923752,140.4421143"
華音の森,,,,,,,,,,,,,,,,,,,,"https://www.google.com/maps?q=35.4612638,136.5402605"
THE FIRST BASE,,,,,,,,,,,,,,,,,,,,"https://www.google.com/maps?q=43.7198142,142.3291552"
CAMP VILLAGE ピュットの森,,,,,,,,,,,,,,,,,,,,"https://www.google.com/maps?q=42.9535747,143.1630332"
すずらんヶ丘キャンプ場,,,,,,,,,,,,,,,,,,,,"https://www.google.com/maps?q=41.8097568,140.8079353"
JUNファームキャンプ場,,,,,,,,,,,,,,,,,,,,"https://www.google.com/maps?q=41.788752,140.8346229"
Wild Camp Base えん,,,,,,,,,,,,,,,,,,,,"https://www.google.com/maps?q=42.5402945,141.2813019"
Kawarakko camping and canoeing,,,,,,,,,,,,,,,,,,,,"https://www.google.com/maps?q=33.0455129,132.8380469"
楽々ガーデン,,,,,,,,,,,,,,,,,,,,"https://www.google.com/maps?q=35.582359,140.2603656"
CAMP＆BBQ FIELD JUNGLE,,,,,,,,,,,,,,,,,,,,"https://www.google.com/maps?q=35.5730876,140.2190163"
キャンプ広場,,,,,,,,,,,,,,,,,,,,"https://www.google.com/maps?q=35.795138,139.8670166"
美々川プライベートキャンプ場,,,,,,,,,,,,,,,,,,,,"https://www.google.com/maps?q=42.7228956,141.7122455"
植苗キャンプ場,,,,,,,,,,,,,,,,,,,,"https://www.google.com/maps?q=42.7344431,141.7177054"
YOTEI CAMP FLATBASE NISEKO,,,,,,,,,,,,,,,,,,,,"https://www.google.com/maps?q=42.9009929,140.770895"
えいとキャンプ場,,,,,,,,,,,,,,,,,,,,"https://www.google.com/maps?q=43.2592649,141.4312693"
月アカリノ丘,,,,,,,,,,,,,,,,,,,,"https://www.google.com/maps?q=43.0453295,141.739238"
コモレビヨリ,,,,,,,,,,,,,,,,,,,,"https://www.google.com/maps?q=43.0540796,141.2258342"
濃昼キャンプ場,,,,,,,,,,,,,,,,,,,,"https://www.google.com/maps?q=43.4774891,141.3918023"
Ｇｒüｎｈｅｒｚ,,,,,,,,,,,,,,,,,,,,"https://www.google.com/maps?q=42.7696211,143.2761694"
ＡＲＴ×ＯＵＴＤＯＯＲＶＩＬＬＡＧＥ栗山,,,,,,,,,,,,,,,,,,,,"https://www.google.com/maps?q=43.0180721,141.8597878"
八剣山ワイナリー焚き火キャンプ場,,,,,,,,,,,,,,,,,,,,"https://www.google.com/maps?q=42.9640373,141.233147"
RV FOREST 310,,,,,,,,,,,,,,,,,,,,"https://www.google.com/maps?q=42.7004782,141.8877816"
atsuma surf & camp THE DAYS,,,,,,,,,,,,,,,,,,,,"https://www.google.com/maps?q=42.6009113,141.8617682"
勝浦ナチュラルスペースキャンプ,,,,,,,,,,,,,,,,,,,,"https://www.google.com/maps?q=35.2097165,140.2674217"
勝浦つるんつるん温泉直営オートキャンプ場,,,,,,,,,,,,,,,,,,,,"https://www.google.com/maps?q=35.2038759,140.2808759"
リスッコ・ファミリーキャンプ場,,,,,,,,,,,,,,,,,,,,"https://www.google.com/maps?q=35.1588149,140.2666023"
RVPark＆CAMP 214勝浦,,,,,,,,,,,,,,,,,,,,"https://www.google.com/maps?q=35.1581861,140.2676852"
BLACK RAMS,,,,,,,,,,,,,,,,,,,,"https://www.google.com/maps?q=35.1690281,140.2664858"
ふれあい広場 白井の森,,,,,,,,,,,,,,,,,,,,"https://www.google.com/maps?q=35.7688045,140.0379127"
鶴の里キャンプフィールド,,,,,,,,,,,,,,,,,,,,"https://www.google.com/maps?q=43.1545223,144.3276731"
TCS Village,,,,,,,,,,,,,,,,,,,,"https://www.google.com/maps?q=42.8484989,141.4961822"
築拓キャンプ場,,,,,,,,,,,,,,,,,,,,"https://www.google.com/maps?q=43.2479578,145.249733"
ふぁーむながの,,,,,,,,,,,,,,,,,,,,"https://www.google.com/maps?q=43.5871182,145.2119594"
果樹園キャンプ,,,,,,,,,,,,,,,,,,,,"https://www.google.com/maps?q=43.9464839,144.2801857"
えべつRVパーク,,,,,,,,,,,,,,,,,,,,"https://www.google.com/maps?q=43.1174765,141.4710913"
Kirara Park Campfield,,,,,,,,,,,,,,,,,,,,"https://www.google.com/maps?q=43.0691976,141.5967394"
萩形キャンプ場,,,,,,,,,,,,,,,,,,,,"https://www.google.com/maps?q=39.9010367,140.3122214"
竜ケ森キャンプ場,,,,,,,,,,,,,,,,,,,,"https://www.google.com/maps?q=40.1017057,140.5537913"
高野崎キャンプ場,,,,,,,,,,,,,,,,,,,,"https://www.google.com/maps?q=41.2266828,140.5498326"
脇元海辺ふれあいゾーン,,,,,,,,,,,,,,,,,,,,"https://www.google.com/maps?q=41.0969921,140.3130022"
滝ノ沢ふるさと砂防愛ランド,,,,,,,,,,,,,,,,,,,,"https://www.google.com/maps?q=40.9748652,140.468512"
むつ市営森林公園キャンプ場,,,,,,,,,,,,,,,,,,,,"https://www.google.com/maps?q=41.2882102,140.9753403"
野平高原キャンプ場,,,,,,,,,,,,,,,,,,,,"https://www.google.com/maps?q=41.2645562,140.8638544"
早掛レイクサイドヒルキャンプ場,,,,,,,,,,,,,,,,,,,,"https://www.google.com/maps?q=41.3143236,141.2203603"
岡崎キャンプ場,,,,,,,,,,,,,,,,,,,,"https://www.google.com/maps?q=40.6416837,139.9140291"
行合崎キャンプ場,,,,,,,,,,,,,,,,,,,,"https://www.google.com/maps?q=40.6674537,139.9401302"
わかさぎ公園 浜台キャンプ場,,,,,,,,,,,,,,,,,,,,"https://www.google.com/maps?q=40.8220464,141.2974451"
月見野ベースキャンプ,,,,,,,,,,,,,,,,,,,,"https://www.google.com/maps?q=40.7898308,140.804703"
白神キャンプ場,,,,,,,,,,,,,,,,,,,,"https://www.google.com/maps?q=40.6674172,140.1500279"
青森県民の森キャンプ場,,,,,,,,,,,,,,,,,,,,"https://www.google.com/maps?q=40.794662,140.5877676"
fuji camp village,,富士宮市,,,,,,,,,,,,,,,,,,"https://www.google.com/maps?q=35.359835,138.5597246"
スノーピーク鹿沼,,,,,,,,,,,,,,,,,,,,"https://www.google.com/maps?q=36.5403508,139.6797037"
種差キャンプ場,,,フリー,,,,,,,,,,,,,,,,,"https://www.google.com/maps?q=40.5114329,141.6090024"
CAMPDOG HACHINOHE BASE,,,,,,,,,,,,,,,,,,,,"https://www.google.com/maps?q=40.4956121,141.4571414"
DOGGYCAMP TOYOSAKI,,,,,,,,,,,,,,,,,,,,"https://www.google.com/maps?q=40.5103673,141.3879667"
名川チェリリン村オートキャンプ場,,,,,,,,,,,,,,,,,,,,"https://www.google.com/maps?q=40.3967794,141.3351037"
名川チェリリン村野営場,,,,,,,,,,,,,,,,,,,,"https://www.google.com/maps?q=40.3950141,141.3319479"
下田公園キャンプ場,,,,,,,,,,,,,,,,,,,,"https://www.google.com/maps?q=40.6142603,141.3979056"
おいらせ町海浜公園キャンプ場,,,,,,,,,,,,,,,,,,,,"https://www.google.com/maps?q=40.6520853,141.4420232"
小川原湖公園キャンプ場,,,,,,,,,,,,,,,,,,,,"https://www.google.com/maps?q=40.7318705,141.2812339"
小川原湖畔キャンプ場,,,,,,,,,,,,,,,,,,,,"https://www.google.com/maps?q=40.7362504,141.3591656"
東八甲田家族旅行村,,,,,,,,,,,,,,,,,,,,"https://www.google.com/maps?q=40.7013052,141.0930641"
しろいわ農村公園,,,,,,,,,,,,,,,,,,,,"https://www.google.com/maps?q=40.5792346,140.6359209"
花岡公園キャンプ場,,,,,,,,,,,,,,,,,,,,"https://www.google.com/maps?q=40.7114769,140.5727867"
浪岡湿生花園キャンプ場,,,,,,,,,,,,,,,,,,,,"https://www.google.com/maps?q=40.7177549,140.569544"
来運水の学校,,,,,,,,,,,,,,,,,,,,"https://www.google.com/maps?q=43.8347632,144.6432042"
瀬戸内海の森キャンプ場,,,,,,,,,,,,,,,,,,,https://www.setouchi-camp.jp/,"https://www.google.com/maps?q=34.6595152,134.1963279"
稲庭キャンプ場,,,,,,,,,,,,,,,,,,,,"https://www.google.com/maps?q=40.1893229,141.0534611"
真湯野営場,,,,,,,,,,,,,,,,,,,,"https://www.google.com/maps?q=39.0044796,140.8499899"
一関市須川野営場,,,,,,,,,,,,,,,,,,,,"https://www.google.com/maps?q=38.981153,140.7702528"
石蔵山林間広場,,,,,,,,,,,,,,,,,,,,"https://www.google.com/maps?q=38.9363189,141.2314917"
黄金山キャンプ場,,,,,,,,,,,,,,,,,,,,"https://www.google.com/maps?q=38.8688801,141.3982458"
いちのせき厳美オートキャンプ場,,,,,,,,,,,,,,,,,,,,"https://www.google.com/maps?q=38.9898105,140.9821465"
つぶ沼キャンプ場,,,,,,,,,,,,,,,,,,,,"https://www.google.com/maps?q=39.1146749,140.8860966"
リバーパーク轟,,,,,,,,,,,,,,,,,,,,"https://www.google.com/maps?q=33.1829261,132.9777217"
石浜キャンプ場,,,,,,,,,,,,,,,,,,,,"https://www.google.com/maps?q=38.9652438,141.6888736"
大芦高原キャンプ場,,,,,,,,,,,,,,,,,,,,"https://www.google.com/maps?q=34.8902407,134.1348989"
としおじさんのキャンプ場,,,,,,,,,,,,,,,,,,,,"https://www.google.com/maps?q=34.8858306,134.126318"
東洋英和野尻キャンプサイト,,,,,,,,,,,,,,,,,,,,"https://www.google.com/maps?q=36.8278413,138.2390507"
東京YMCA 野尻キャンプ,,,,,,,,,,,,,,,,,,,,"https://www.google.com/maps?q=36.8272325,138.2387852"
大文字キャンプ場,,,,,,,,,,,,,,,,,,,,"https://www.google.com/maps?q=39.0062974,141.154027"
衣川ふるさと自然塾,,,,,,,,,,,,,,,,,,,,"https://www.google.com/maps?q=39.04461,141.0110942"
稲荷穴レクリエーション施設キャンプ場,,,,,,,,,,,,,,,,,,,,"https://www.google.com/maps?q=39.4293695,141.4279276"
Wild camping in park,,,,,,,,,,,,,,,,,,,,"https://www.google.com/maps?q=33.4295394,130.6664981"
久慈平岳キャンプ場,,,,,,,,,,,,,,,,,,,,"https://www.google.com/maps?q=40.3550959,141.6128513"
北侍浜野営場,,,,,,,,,,,,,,,,,,,,"https://www.google.com/maps?q=40.2706417,141.8141057"
ミレットパーク,,,,,,,,,,,,,,,,,,,,"https://www.google.com/maps?q=40.2824648,141.3841879"
折爪岳オートキャンプ場,,,,,,,,,,,,,,,,,,,,"https://www.google.com/maps?q=40.2650437,141.3719613"
ぼくらの森の家キャンプ場,,,,,,,,,,,,,,,,,,,,"https://www.google.com/maps?q=40.2564599,141.3932214"
田瀬湖オートキャンプ場,,,,,,,,,,,,,,,,,,,,"https://www.google.com/maps?q=39.3266293,141.3036128"
なまら・・・だべさぁキャンプ場,,,,,,,,,,,,,,,,,,,,"https://www.google.com/maps?q=43.5865133,141.6945915"
Abandoned building,,,,,,,,,,,,,,,,,,,,"https://www.google.com/maps?q=37.6593027,140.2580845"
雪谷川ダムフォリストパークキャンプ場,,,,,,,,,,,,,,,,,,,,"https://www.google.com/maps?q=40.2881833,141.5193563"
RVパーク Campingcar Trip L,,,,,,,,,,,,,,,,,,,,"https://www.google.com/maps?q=35.284716,138.4471443"
オートキャンプ場Black Smith Outdoorfield Sanogawa Base,,,,,,,,,,,,,,,,,,,,"https://www.google.com/maps?q=35.2423203,138.5084182"
奥山温泉キャンプ場(青少年旅行村),,,,,,,,,,,,,,,,,,,,"https://www.google.com/maps?q=35.2265705,138.4178287"
kikoファーム 〜動物と泊まれるキャンプ場〜,,,,,,,,,,,,,,,,,,,,"https://www.google.com/maps?q=35.2897494,138.4675929"
981上佐野ヒュッテ,,,,,,,,,,,,,,,,,,,,"https://www.google.com/maps?q=35.3184619,138.5010213"
山水徳間の里(Sansui-Tokuma RIVER SIDE Resort),,,,,,,,,,,,,,,,,,,,"https://www.google.com/maps?q=35.214869,138.4432196"
ターキーズハウス,,,,,,,,,,,,,,,,,,,,"https://www.google.com/maps?q=35.2107988,138.4649837"
福士川オートキャンプ場,,,,,,,,,,,,,,,,,,,,"https://www.google.com/maps?q=35.2209635,138.4769444"
根熊山荘,,,,,,,,,,,,,,,,,,,,"https://www.google.com/maps?q=35.2189839,138.4771072"
ランバージャック,,,,,,,,,,,,,,,,,,,,"https://www.google.com/maps?q=35.2104346,138.4560616"
白老キャンプフィールドASOBUBA,,白老町,,,,,,,,,,,,,,,,,,"https://www.google.com/maps?q=42.6352371,141.245368"
タイマグラキャンプ場,,,,,,,,,,,,,,,,,,,,"https://www.google.com/maps?q=39.5414335,141.5789544"
ちえの森 ［愛楽友ふぁーむ］,,吉野川市,フリー,,,,,,,,,,,,,,,,,"https://www.google.com/maps?q=34.0612435,134.3875982"
旭ヶ丘キャンプ場,,,,,,,,,,,,,,,,,,,,"https://www.google.com/maps?q=42.9043401,140.7366176"
岩倉ファームパークキャンプ場,,,,,,,,,,,,,,,,,,,,"https://www.google.com/maps?q=34.3711553,132.1595841"
碁石海岸キャンプ場,,,,,,,,,,,,,,,,,,,,"https://www.google.com/maps?q=38.9922416,141.7416861"
普代村自然休養村緑の村,,,,,,,,,,,,,,,,,,,,"https://www.google.com/maps?q=40.0114487,141.8545124"
FBR (ForestBaseRokko),,,フリー,,,,,,,,,,,,,,,,,"https://www.google.com/maps?q=34.7984795,135.2909214"
大柳川渓流キャンプ場,,,,,,,,,,,,,,,,,,,https://ooyanagawa-camp.com/,"https://www.google.com/maps?q=35.5043865,138.3987883"
平庭高原キャンプ場,,,,,,,,,,,,,,,,,,,,"https://www.google.com/maps?q=40.0821643,141.5209816"
遊食広場ニヤマオートキャンプ場,,,,,,,,,,,,,,,,,,,,"https://www.google.com/maps?q=41.929732,140.6361783"
知内スターヒルズキャンピングヤード,,,,,,,,,,,,,,,,,,,,"https://www.google.com/maps?q=41.5983811,140.4110348"
レクの森キャンプ場,,,,,,,,,,,,,,,,,,,,"https://www.google.com/maps?q=41.9146347,140.2189899"
北追岬公園キャンプ場,,,,,,,,,,,,,,,,,,,,"https://www.google.com/maps?q=42.1646339,139.4067925"
kitara campfield,,,,,,,,,,,,,,,,,,,,"https://www.google.com/maps?q=42.8914411,142.8846485"
遊び小屋コニファー,,,,,,,,,,,,,,,,,,,,"https://www.google.com/maps?q=42.8941987,142.8859187"
Prehub Tokachi,,,,,,,,,,,,,,,,,,,,"https://www.google.com/maps?q=42.8906338,142.8778957"
十勝ワッカの森キャンプ場,,,,,,,,,,,,,,,,,,,,"https://www.google.com/maps?q=42.8870013,142.8797541"
品沢高原キャンプ場,,,,,,,,,,,,,,,,,,,,"https://www.google.com/maps?q=36.7331775,138.0358782"
山のばあちゃんち,,,,,,,,,,,,,,,,,,,,"https://www.google.com/maps?q=43.0235249,143.1057522"
クアプラザピリカキャンプ場,,,,,,,,,,,,,,,,,,,,"https://www.google.com/maps?q=42.4696966,140.2025666"
涸沼自然公園キャンプ場,,,,,,,,,,,,,,,,,,,,"https://www.google.com/maps?q=36.2885699,140.5020309"
ウシ空のキャンプ場,,,,,,,,,,,,,,,,,,,,"https://www.google.com/maps?q=43.6140805,144.8699668"
Kobitto Asagiri Camp Field,,富士宮市,,,,,,,,,,,,,,,,,,"https://www.google.com/maps?q=35.3560939,138.5526636"
FUJIYAMA 泉の森 キャンピングフィールドの世界,,富士宮市,,,,,,,,,,,,,,,,,,"https://www.google.com/maps?q=35.3493035,138.5656656"
天子の森オートキャンプ場,,,,,,,,,,,,,,,,,,,,"https://www.google.com/maps?q=35.3383434,138.5579503"
本栖レークサイドキャンプ場,,富士河口湖町,,,,,,,,,,,,,,,,,,"https://www.google.com/maps?q=35.4762759,138.5930443"
西湖自由キャンプ場,,富士河口湖町,,,,,,,,,,,,,,,,,,"https://www.google.com/maps?q=35.5028192,138.6849314"
朝霧Camp Base そらいろ,,富士宮市,,,,,,,,,,,,,,,,,,"https://www.google.com/maps?q=35.3924048,138.5651506"
ウエンシリキャンプ場,,,,,,,,,,,,,,,,,,,,"https://www.google.com/maps?q=44.2399757,142.9071971"
登別野営場,,,,,,,,,,,,,,,,,,,,"https://www.google.com/maps?q=42.4684953,141.1612158"
ネイチャーヒーリング,,神山町,フリー,,,,,,,,,,,,,,,,,"https://www.google.com/maps?q=33.9728134,134.3606337"
Redoor Sapporo,,,,,,,,,,,,,,,,,,,,"https://www.google.com/maps?q=43.0343875,141.2822696"
Ken's Camp 吉田農場キャンプ場,,,,,,,,,,,,,,,,,,,,"https://www.google.com/maps?q=42.9335988,141.3300296"
妻の神広場キャンプ場,,,,,,,,,,,,,,,,,,,https://www.hachimantai.or.jp/outdoor/index.html,"https://www.google.com/maps?q=39.9129312,141.0067452"
Sheep sheep camping field,,,,,,,,,,,,,,,,,,,,"https://www.google.com/maps?q=42.8709914,141.5510621"
アサヒの丘キャンプ場,,,,,,,,,,,,,,,,,,,,"https://www.google.com/maps?q=43.6670727,142.5705506"
おらだの川公園 キャンプ場,,,,,,,,,,,,,,,,,,,,"https://www.google.com/maps?q=38.7535629,140.4731916"
花見ヶ原森林公園キャンプ場,,,,,,,,,,,,,,,,,,,https://hanamigahara.jp/,"https://www.google.com/maps?q=36.5667523,139.2240977"
"sleeping possibility inside, and toilets. probably not legal, but doable.",,,,,,,,,,,,,,,,,,,,"https://www.google.com/maps?q=33.4195597,132.1954481"
きりたっぷ岬キャンプ場,,,,,,,,,,,,,,,,,,,,"https://www.google.com/maps?q=43.0796216,145.1625444"
来止臥野営場,,,,,,,,,,,,,,,,,,,,"https://www.google.com/maps?q=42.9516585,144.5615668"
茂岩山自然公園キャンプ場,,,,,,,,,,,,,,,,,,,,"https://www.google.com/maps?q=42.8041936,143.4966677"
Mikuniyama Camping Ground,,,,,,,,,,,,,,,,,,,,"https://www.google.com/maps?q=36.7301884,136.7912722"
グリズリーBBQ&CAMP,,,,,,,,,,,,,,,,,,,https://grizzly-grizzly.jp/,"https://www.google.com/maps?q=33.2656361,132.5516962"
学習キャンプ場,,,,,,,,,,,,,,,,,,,,"https://www.google.com/maps?q=43.3775558,141.6138995"
自然体験キャンプ場,,,,,,,,,,,,,,,,,,,,"https://www.google.com/maps?q=43.4322595,141.6523684"
室蘭キャンプ＆パークだんパラ,,,,,,,,,,,,,,,,,,,,"https://www.google.com/maps?q=42.4118484,141.001258"
国立日高青少年自然の家からまつキャンプ場,,,,,,,,,,,,,,,,,,,,"https://www.google.com/maps?q=42.8733574,142.4458924"
どんぐりの森キャンプ場,,,,,,,,,,,,,,,,,,,,"https://www.google.com/maps?q=35.4188102,135.4492772"
SakaZuki BASE cominato,,,,,,,,,,,,,,,,,,,,"https://www.google.com/maps?q=40.4513612,141.6802559"
PICAさがみ湖,,,,,,,,,,,,,,,,,,,,"https://www.google.com/maps?q=35.6042341,139.2078206"
Nirohama Beach Campground,,,,,,,,,,,,,,,,,,,,"https://www.google.com/maps?q=34.2568496,133.5755583"
Irohajima Camping Ground,,,,,,,,,,,,,,,,,,,,"https://www.google.com/maps?q=33.4057105,129.8539111"
玉川野営場,,,,,,,,,,,,,,,,,,,,"https://www.google.com/maps?q=40.0781767,141.8312916"
カムイコタン公園キャンプ場,,,,,,,,,,,,,,,,,,,,"https://www.google.com/maps?q=42.5249866,143.192013"
Takaoyamashizen Koen Camping Ground,,,,,,,,,,,,,,,,,,,,"https://www.google.com/maps?q=33.2103376,131.6579398"
白石キャンプ村,,,,,,,,,,,,,,,,,,,,"https://www.google.com/maps?q=36.0150798,139.1755297"
さらべつカントリーパーク,,,,,,,,,,,,,,,,,,,,"https://www.google.com/maps?q=42.6263028,143.3021272"
のとろ原キャンプ場,,,,,,,,,,,,,,,,,,,,"https://www.google.com/maps?q=35.2030741,133.7976194"
Campsite,,,,,,,,,,,,,,,,,,,,"https://www.google.com/maps?q=35.4942986,136.5373906"
みぼろ湖畔キャンプサイト,,,,,,,,,,,,,,,,,,,http://camp.miboroko.jp,"https://www.google.com/maps?q=36.0798418,136.9463664"
此の間沢渓流園キャンプ場,,,,,,,,,,,,,,,,,,,,"https://www.google.com/maps?q=35.5409771,139.1239721"
